0,23.26,0.138330556,0.303
0.01,23.25,0.13935,0.367
0.02,23.25,0.139875,0.189
0.03,23.25,0.140788889,0.329
0.04,23.25,0.140941667,0.055
0.05,23.26,0.14135,0.147
0.06,23.26,0.141694444,0.124
0.07,23.26,0.142241667,0.197
0.08,23.25,0.142447222,0.074
0.09,23.25,0.1427,0.091
0.1,23.25,0.143136111,0.157
0.11,23.26,0.143497222,0.13
0.12,23.25,0.143844444,0.125
0.13,23.26,0.144188889,0.124
0.14,23.25,0.144594444,0.146
0.15,23.25,0.144827778,0.084
0.16,23.26,0.145130556,0.109
0.17,23.27,0.145683333,0.199
0.18,23.26,0.145869444,0.067
0.19,23.26,0.146561111,0.249
0.2,23.25,0.147511111,0.342
0.21,23.24,0.148088889,0.208
0.22,23.25,0.148677778,0.212
0.23,23.25,0.149613889,0.337
0.24,23.25,0.151119444,0.542
0.25,23.26,0.152511111,0.501
0.26,23.26,0.153433333,0.332
0.27,23.26,0.154158333,0.261
0.28,23.25,0.154833333,0.243
0.29,23.26,0.155597222,0.275
0.3,23.26,0.156627778,0.371
0.31,23.24,0.157547222,0.331
0.32,23.24,0.15835,0.289
0.33,23.24,0.159477778,0.406
0.34,23.25,0.160383333,0.326
0.35,23.24,0.161263889,0.317
0.36,23.25,0.162577778,0.473
0.37,23.25,0.1639,0.476
0.38,23.25,0.165188889,0.464
0.39,23.23,0.166541667,0.487
0.4,23.25,0.167966667,0.513
0.41,23.25,0.169377778,0.508
0.42,23.25,0.170897222,0.547
0.43,23.24,0.172775,0.676
0.44,23.26,0.174813889,0.734
0.45,23.24,0.177077778,0.815
0.46,23.24,0.179683333,0.938
0.47,23.24,0.182461111,1
0.48,23.23,0.185255556,1.006
0.49,23.23,0.188122222,1.032
0.5,23.24,0.191266667,1.132
0.51,23.23,0.194977778,1.336
0.52,23.23,0.199013889,1.453
0.53,23.25,0.203155556,1.491
0.54,23.25,0.207797222,1.671
0.55,23.25,0.212891667,1.834
0.56,23.24,0.218308333,1.95
0.57,23.24,0.223975,2.04
0.58,23.25,0.229358333,1.938
0.59,23.26,0.234777778,1.951
0.6,23.27,0.240308333,1.991
0.61,23.26,0.2463,2.157
0.62,23.26,0.252522222,2.24
0.63,23.27,0.258963889,2.319
0.64,23.27,0.265694444,2.423
0.65,23.24,0.272580556,2.479
0.66,23.25,0.279683333,2.557
0.67,23.25,0.287463889,2.801
0.68,23.25,0.295722222,2.973
0.69,23.26,0.304375,3.115
0.7,23.26,0.313247222,3.194
0.71,23.25,0.322097222,3.186
0.72,23.25,0.331102778,3.242
0.73,23.26,0.340597222,3.418
0.74,23.25,0.350405556,3.531
0.75,23.24,0.360344444,3.578
0.76,23.26,0.370313889,3.589
0.77,23.27,0.380527778,3.677
0.78,23.27,0.391013889,3.775
0.79,23.26,0.401916667,3.925
0.8,23.25,0.413302778,4.099
0.81,23.25,0.425072222,4.237
0.82,23.25,0.437127778,4.34
0.83,23.25,0.449394444,4.416
0.84,23.25,0.461844444,4.482
0.85,23.25,0.474477778,4.548
0.86,23.26,0.4871,4.544
0.87,23.27,0.499705556,4.538
0.88,23.26,0.512494444,4.604
0.89,23.26,0.52535,4.628
0.9,23.26,0.538238889,4.64
0.91,23.26,0.551155556,4.65
0.92,23.26,0.564422222,4.776
0.93,23.27,0.577841667,4.831
0.94,23.27,0.591358333,4.866
0.95,23.27,0.605016667,4.917
0.96,23.27,0.618852778,4.981
0.97,23.26,0.632891667,5.054
0.98,23.25,0.647072222,5.105
0.99,23.26,0.661530556,5.205
1,23.26,0.676116667,5.251
1.01,23.27,0.691072222,5.384
1.02,23.27,0.706188889,5.442
1.03,23.25,0.72155,5.53
1.04,23.24,0.737275,5.661
1.05,23.25,0.753422222,5.813
1.06,23.26,0.7698,5.896
1.07,23.26,0.786466667,6
1.08,23.27,0.803416667,6.102
1.09,23.28,0.8206,6.186
1.1,23.28,0.837866667,6.216
1.11,23.28,0.855455556,6.332
1.12,23.27,0.873477778,6.488
1.13,23.27,0.891705556,6.562
1.14,23.25,0.910244444,6.674
1.15,23.26,0.928955556,6.736
1.16,23.26,0.947713889,6.753
1.17,23.27,0.966372222,6.717
1.18,23.27,0.984866667,6.658
1.19,23.27,1.003411111,6.676
1.2,23.27,1.022191667,6.761
1.21,23.26,1.041344444,6.895
1.22,23.27,1.061033333,7.088
1.23,23.26,1.080977778,7.18
1.24,23.27,1.101019444,7.215
1.25,23.26,1.121291667,7.298
1.26,23.27,1.141877778,7.411
1.27,23.26,1.162755556,7.516
1.28,23.26,1.183994444,7.646
1.29,23.25,1.205347222,7.687
1.3,23.26,1.226830556,7.734
1.31,23.27,1.2485,7.801
1.32,23.27,1.270297222,7.847
1.33,23.27,1.292433333,7.969
1.34,23.26,1.314869444,8.077
1.35,23.25,1.337616667,8.189
1.36,23.26,1.360636111,8.287
1.37,23.26,1.383641667,8.282
1.38,23.26,1.406794444,8.335
1.39,23.26,1.430075,8.381
1.4,23.25,1.453319444,8.368
1.41,23.25,1.476797222,8.452
1.42,23.26,1.500719444,8.612
1.43,23.27,1.525291667,8.846
1.44,23.26,1.549916667,8.865
1.45,23.26,1.574613889,8.891
1.46,23.26,1.599608333,8.998
1.47,23.27,1.624733333,9.045
1.48,23.28,1.649775,9.015
1.49,23.28,1.674908333,9.048
1.5,23.26,1.700077778,9.061
1.51,23.25,1.725305556,9.082
1.52,23.27,1.750741667,9.157
1.53,23.26,1.776294444,9.199
1.54,23.26,1.801944444,9.234
1.55,23.27,1.827877778,9.336
1.56,23.29,1.854288889,9.508
1.57,23.27,1.881005556,9.618
1.58,23.27,1.908063889,9.741
1.59,23.26,1.935377778,9.833
1.6,23.27,1.9629,9.908
1.61,23.27,1.990883333,10.074
1.62,23.27,2.019238889,10.208
1.63,23.26,2.047486111,10.169
1.64,23.28,2.075666667,10.145
1.65,23.26,2.103975,10.191
1.66,23.26,2.132688889,10.337
1.67,23.27,2.161930556,10.527
1.68,23.27,2.191391667,10.606
1.69,23.27,2.220727778,10.561
1.7,23.26,2.250161111,10.596
1.71,23.27,2.280088889,10.774
1.72,23.27,2.310544444,10.964
1.73,23.27,2.341202778,11.037
1.74,23.27,2.371747222,10.996
1.75,23.27,2.401988889,10.887
1.76,23.26,2.432180556,10.869
1.77,23.27,2.462838889,11.037
1.78,23.26,2.493513889,11.043
1.79,23.26,2.524419444,11.126
1.8,23.26,2.555402778,11.154
1.81,23.27,2.586194444,11.085
1.82,23.28,2.616905556,11.056
1.83,23.27,2.647886111,11.153
1.84,23.27,2.679047222,11.218
1.85,23.27,2.710538889,11.337
1.86,23.26,2.742263889,11.421
1.87,23.27,2.774388889,11.565
1.88,23.28,2.806533333,11.572
1.89,23.28,2.839,11.688
1.9,23.28,2.871391667,11.661
1.91,23.26,2.903730556,11.642
1.92,23.28,2.936002778,11.618
1.93,23.29,2.968386111,11.658
1.94,23.27,3.000958333,11.726
1.95,23.27,3.03345,11.697
1.96,23.27,3.065877778,11.674
1.97,23.28,3.098586111,11.775
1.98,23.27,3.1313,11.777
1.99,23.27,3.164097222,11.807
2,23.27,3.197230556,11.928
2.01,23.26,3.230438889,11.955
2.02,23.26,3.263705556,11.976
2.03,23.26,3.297083333,12.016
2.04,23.28,3.330975,12.201
2.05,23.27,3.364816667,12.183
2.06,23.28,3.398719444,12.205
2.07,23.28,3.432780556,12.262
2.08,23.28,3.467219444,12.398
2.09,23.27,3.501816667,12.455
2.1,23.28,3.536383333,12.444
2.11,23.28,3.571030556,12.473
2.12,23.29,3.605930556,12.564
2.13,23.27,3.640858333,12.574
2.14,23.28,3.676161111,12.709
2.15,23.29,3.711561111,12.744
2.16,23.29,3.747247222,12.847
2.17,23.28,3.783127778,12.917
2.18,23.28,3.819352778,13.041
2.19,23.29,3.8561,13.229
2.2,23.29,3.893397222,13.427
2.21,23.29,3.930525,13.366
2.22,23.28,3.967513889,13.316
2.23,23.28,4.004561111,13.337
2.24,23.27,4.041752778,13.389
2.25,23.27,4.078644444,13.281
2.26,23.29,4.115780556,13.369
2.27,23.3,4.152875,13.354
2.28,23.29,4.189922222,13.337
2.29,23.29,4.227216667,13.426
2.3,23.29,4.264863889,13.553
2.31,23.28,4.302866667,13.681
2.32,23.28,4.34105,13.746
2.33,23.28,4.3792,13.734
2.34,23.29,4.417438889,13.766
2.35,23.28,4.455688889,13.77
2.36,23.29,4.494038889,13.806
2.37,23.29,4.532588889,13.878
2.38,23.29,4.571716667,14.086
2.39,23.29,4.610988889,14.138
2.4,23.27,4.650169444,14.105
2.41,23.27,4.689286111,14.082
2.42,23.27,4.7286,14.153
2.43,23.28,4.768097222,14.219
2.44,23.28,4.807533333,14.197
2.45,23.28,4.847025,14.217
2.46,23.26,4.886566667,14.235
2.47,23.29,4.926369444,14.329
2.48,23.29,4.966402778,14.412
2.49,23.29,5.006436111,14.412
2.5,23.28,5.046638889,14.473
2.51,23.28,5.086808333,14.461
2.52,23.27,5.126788889,14.393
2.53,23.25,5.166694444,14.366
2.54,23.28,5.206736111,14.415
2.55,23.27,5.246788889,14.419
2.56,23.26,5.286786111,14.399
2.57,23.27,5.326933333,14.453
2.58,23.29,5.367522222,14.612
2.59,23.28,5.408388889,14.712
2.6,23.26,5.449316667,14.734
2.61,23.25,5.490044444,14.662
2.62,23.27,5.531019444,14.751
2.63,23.27,5.572566667,14.957
2.64,23.27,5.614188889,14.984
2.65,23.28,5.655913889,15.021
2.66,23.27,5.697555556,14.991
2.67,23.28,5.739055556,14.94
2.68,23.28,5.780455556,14.904
2.69,23.29,5.821875,14.911
2.7,23.29,5.863872222,15.119
2.71,23.28,5.905922222,15.138
2.72,23.26,5.947733333,15.052
2.73,23.29,5.989836111,15.157
2.74,23.27,6.032336111,15.3
2.75,23.27,6.075113889,15.4
2.76,23.27,6.118183333,15.505
2.77,23.28,6.161252778,15.505
2.78,23.29,6.204355556,15.517
2.79,23.28,6.247302778,15.461
2.8,23.3,6.290502778,15.552
2.81,23.28,6.333575,15.506
2.82,23.27,6.376525,15.462
2.83,23.28,6.419511111,15.475
2.84,23.27,6.462483333,15.47
2.85,23.27,6.505561111,15.508
2.86,23.27,6.548722222,15.538
2.87,23.28,6.592072222,15.606
2.88,23.28,6.6355,15.634
2.89,23.28,6.679030556,15.671
2.9,23.27,6.722669444,15.71
2.91,23.28,6.766625,15.824
2.92,23.28,6.810847222,15.92
2.93,23.27,6.855088889,15.927
2.94,23.27,6.899797222,16.095
2.95,23.28,6.944627778,16.139
2.96,23.27,6.989302778,16.083
2.97,23.27,7.0336,15.947
2.98,23.27,7.077786111,15.907
2.99,23.26,7.122088889,15.949
3,23.27,7.166258333,15.901
3.01,23.25,7.2102,15.819
3.02,23.26,7.253941667,15.747
3.03,23.28,7.297511111,15.685
3.04,23.27,7.341344444,15.78
3.05,23.27,7.385458333,15.881
3.06,23.28,7.429722222,15.935
3.07,23.28,7.474191667,16.009
3.08,23.27,7.518805556,16.061
3.09,23.27,7.563255556,16.002
3.1,23.28,7.607844444,16.052
3.11,23.28,7.652422222,16.048
3.12,23.27,7.697291667,16.153
3.13,23.26,7.742727778,16.357
3.14,23.27,7.788416667,16.448
3.15,23.28,7.834455556,16.574
3.16,23.28,7.880641667,16.627
3.17,23.29,7.9271,16.725
3.18,23.27,7.973766667,16.8
3.19,23.28,8.020130556,16.691
3.2,23.27,8.066525,16.702
3.21,23.28,8.112977778,16.723
3.22,23.27,8.159202778,16.641
3.23,23.26,8.2054,16.631
3.24,23.27,8.251630556,16.643
3.25,23.27,8.297961111,16.679
3.26,23.28,8.344455556,16.738
3.27,23.28,8.391047222,16.773
3.28,23.28,8.437822222,16.839
3.29,23.27,8.484855556,16.932
3.3,23.27,8.532202778,17.045
3.31,23.27,8.579861111,17.157
3.32,23.28,8.6276,17.186
3.33,23.29,8.675080556,17.093
3.34,23.29,8.722602778,17.108
3.35,23.28,8.770277778,17.163
3.36,23.28,8.817669444,17.061
3.37,23.27,8.864666667,16.919
3.38,23.27,8.911630556,16.907
3.39,23.28,8.958308333,16.804
3.4,23.27,9.004691667,16.698
3.41,23.28,9.050872222,16.625
3.42,23.29,9.096986111,16.601
3.43,23.29,9.143327778,16.683
3.44,23.27,9.189855556,16.75
3.45,23.28,9.236808333,16.903
3.46,23.28,9.284305556,17.099
3.47,23.29,9.331619444,17.033
3.48,23.29,9.378483333,16.871
3.49,23.3,9.4249,16.71
3.5,23.29,9.471308333,16.707
3.51,23.3,9.517908333,16.776
3.52,23.29,9.564386111,16.732
3.53,23.28,9.610833333,16.721
3.54,23.28,9.65755,16.818
3.55,23.29,9.704911111,17.05
3.56,23.29,9.752530556,17.143
3.57,23.29,9.800219444,17.168
3.58,23.29,9.847611111,17.061
3.59,23.29,9.895269444,17.157
3.6,23.3,9.942944444,17.163
3.61,23.29,9.991125,17.345
3.62,23.29,10.03959722,17.45
3.63,23.29,10.08782778,17.363
3.64,23.31,10.13596667,17.33
3.65,23.31,10.18374444,17.2
3.66,23.29,10.23155278,17.211
3.67,23.29,10.27932778,17.199
3.68,23.29,10.32705556,17.182
3.69,23.29,10.375075,17.287
3.7,23.29,10.42337222,17.387
3.71,23.31,10.47168333,17.392
3.72,23.3,10.52009444,17.428
3.73,23.31,10.56866111,17.484
3.74,23.31,10.61727778,17.502
3.75,23.29,10.66586667,17.492
3.76,23.28,10.71428889,17.432
3.77,23.28,10.76296667,17.524
3.78,23.31,10.81196389,17.639
3.79,23.31,10.86108611,17.684
3.8,23.3,10.90974167,17.516
3.81,23.29,10.95801944,17.38
3.82,23.31,11.00633611,17.394
3.83,23.3,11.05473056,17.422
3.84,23.3,11.10316389,17.436
3.85,23.29,11.15184722,17.526
3.86,23.3,11.20044444,17.495
3.87,23.29,11.24889167,17.441
3.88,23.29,11.29736111,17.449
3.89,23.3,11.34621389,17.587
3.9,23.29,11.39507778,17.591
3.91,23.29,11.44350833,17.435
3.92,23.28,11.49207222,17.483
3.93,23.29,11.54095556,17.598
3.94,23.3,11.58993611,17.633
3.95,23.3,11.63899722,17.662
3.96,23.29,11.68788056,17.598
3.97,23.3,11.73675278,17.594
3.98,23.3,11.78591944,17.7
3.99,23.3,11.83522778,17.751
4,23.3,11.88452778,17.748
4.01,23.3,11.934025,17.819
4.02,23.29,11.98369444,17.881
4.03,23.3,12.03303333,17.762
4.04,23.3,12.08205833,17.649
4.05,23.29,12.13074722,17.528
4.06,23.3,12.17927778,17.471
4.07,23.28,12.2279,17.504
4.08,23.29,12.27687222,17.63
4.09,23.29,12.32626944,17.783
4.1,23.29,12.37590556,17.869
4.11,23.3,12.42548333,17.848
4.12,23.3,12.47473333,17.73
4.13,23.3,12.52414167,17.787
4.14,23.29,12.57369444,17.839
4.15,23.3,12.62306389,17.773
4.16,23.31,12.67241389,17.766
4.17,23.32,12.72188889,17.811
4.18,23.31,12.77150556,17.862
4.19,23.31,12.82121667,17.896
4.2,23.3,12.87093889,17.9
4.21,23.29,12.92053889,17.856
4.22,23.31,12.97036667,17.938
4.23,23.31,13.02016944,17.929
4.24,23.31,13.07025278,18.03
4.25,23.32,13.12051111,18.093
4.26,23.32,13.17090833,18.143
4.27,23.3,13.22114167,18.084
4.28,23.31,13.27154167,18.144
4.29,23.31,13.32196944,18.154
4.3,23.32,13.37237222,18.145
4.31,23.33,13.42296944,18.215
4.32,23.31,13.47363611,18.24
4.33,23.32,13.52446667,18.299
4.34,23.33,13.57547222,18.362
4.35,23.32,13.62653611,18.383
4.36,23.31,13.67733333,18.287
4.37,23.32,13.72804444,18.256
4.38,23.32,13.77866389,18.223
4.39,23.32,13.82892222,18.093
4.4,23.32,13.87914444,18.08
4.41,23.33,13.92951111,18.132
4.42,23.32,13.979975,18.167
4.43,23.32,14.03054722,18.206
4.44,23.32,14.08115833,18.22
4.45,23.31,14.131775,18.222
4.46,23.33,14.18232222,18.197
4.47,23.31,14.23302778,18.254
4.48,23.31,14.28423333,18.434
4.49,23.3,14.33580833,18.567
4.5,23.31,14.3878,18.717
4.51,23.31,14.44011944,18.835
4.52,23.31,14.49222222,18.757
4.53,23.3,14.54428333,18.742
4.54,23.3,14.59636944,18.751
4.55,23.3,14.6485,18.767
4.56,23.31,14.70055556,18.74
4.57,23.29,14.75240556,18.666
4.58,23.29,14.80423056,18.657
4.59,23.31,14.85613333,18.685
4.6,23.32,14.90808611,18.703
4.61,23.31,14.95978889,18.613
4.62,23.3,15.01123056,18.519
4.63,23.29,15.06207778,18.305
4.64,23.3,15.11263333,18.2
4.65,23.31,15.16307778,18.16
4.66,23.3,15.21365,18.206
4.67,23.32,15.264475,18.297
4.68,23.33,15.31528333,18.291
4.69,23.31,15.36626389,18.353
4.7,23.31,15.41691667,18.235
4.71,23.29,15.46709167,18.063
4.72,23.31,15.51701389,17.972
4.73,23.32,15.56706667,18.019
4.74,23.32,15.61717222,18.038
4.75,23.32,15.66733611,18.059
4.76,23.31,15.71758056,18.088
4.77,23.31,15.76771667,18.049
4.78,23.33,15.81783611,18.043
4.79,23.31,15.86788611,18.018
4.8,23.32,15.91815278,18.096
4.81,23.31,15.968575,18.152
4.82,23.34,16.01963333,18.381
4.83,23.31,16.07088056,18.449
4.84,23.31,16.12223333,18.487
4.85,23.3,16.17325833,18.369
4.86,23.32,16.224325,18.384
4.87,23.32,16.27560556,18.461
4.88,23.31,16.32699444,18.5
4.89,23.3,16.37843056,18.517
4.9,23.31,16.42994444,18.545
4.91,23.31,16.48166944,18.621
4.92,23.3,16.53334167,18.602
4.93,23.29,16.584925,18.57
4.94,23.3,16.63650833,18.57
4.95,23.3,16.68829444,18.643
4.96,23.31,16.74012778,18.66
4.97,23.31,16.79233611,18.795
4.98,23.31,16.84456111,18.801
4.99,23.3,16.89644444,18.678
5,23.3,16.94825,18.65
5.01,23.32,17.00010833,18.669
5.02,23.31,17.05188611,18.64
5.03,23.3,17.10331111,18.513
5.04,23.29,17.15441111,18.396
5.05,23.29,17.205225,18.293
5.06,23.29,17.25610278,18.316
5.07,23.29,17.30684444,18.267
5.08,23.29,17.35768611,18.303
5.09,23.28,17.408525,18.302
5.1,23.28,17.45929444,18.277
5.11,23.29,17.51003611,18.267
5.12,23.29,17.56069722,18.238
5.13,23.29,17.61141667,18.259
5.14,23.28,17.66200556,18.212
5.15,23.27,17.71239444,18.14
5.16,23.29,17.76301111,18.222
5.17,23.28,17.81380556,18.286
5.18,23.28,17.86513611,18.479
5.19,23.28,17.91681944,18.606
5.2,23.3,17.96896667,18.773
5.21,23.29,18.02148611,18.907
5.22,23.29,18.07428056,19.006
5.23,23.29,18.12711111,19.019
5.24,23.28,18.17997222,19.03
5.25,23.27,18.232775,19.009
5.26,23.27,18.28531667,18.915
5.27,23.29,18.337675,18.849
5.28,23.3,18.390225,18.918
5.29,23.3,18.44287778,18.955
5.3,23.29,18.49549722,18.943
5.31,23.28,18.54818611,18.968
5.32,23.28,18.600775,18.932
5.33,23.29,18.65366944,19.042
5.34,23.28,18.70643889,18.997
5.35,23.28,18.75887778,18.878
5.36,23.29,18.81113611,18.813
5.37,23.29,18.86323333,18.755
5.38,23.3,18.915125,18.681
5.39,23.29,18.96702222,18.683
5.4,23.3,19.01906667,18.736
5.41,23.3,19.07115,18.75
5.42,23.29,19.12302778,18.676
5.43,23.28,19.17461389,18.571
5.44,23.27,19.22571944,18.398
5.45,23.28,19.27657222,18.307
5.46,23.29,19.32781389,18.447
5.47,23.3,19.37976389,18.702
5.48,23.3,19.43198333,18.799
5.49,23.3,19.48413889,18.776
5.5,23.29,19.53626667,18.766
5.51,23.3,19.58863333,18.852
5.52,23.3,19.64116667,18.912
5.53,23.29,19.69353889,18.854
5.54,23.29,19.74563889,18.756
5.55,23.29,19.79766667,18.73
5.56,23.29,19.84961667,18.702
5.57,23.29,19.90141111,18.646
5.58,23.28,19.95309722,18.607
5.59,23.28,20.00463333,18.553
5.6,23.26,20.05590833,18.459
5.61,23.28,20.10758611,18.604
5.62,23.27,20.15955556,18.709
5.63,23.27,20.21153056,18.711
5.64,23.27,20.26376944,18.806
5.65,23.27,20.31606111,18.825
5.66,23.27,20.36871111,18.954
5.67,23.26,20.42120278,18.897
5.68,23.27,20.47365833,18.884
5.69,23.28,20.52603889,18.857
5.7,23.28,20.57863056,18.933
5.71,23.28,20.63119167,18.922
5.72,23.27,20.68382222,18.947
5.73,23.27,20.73648889,18.96
5.74,23.27,20.78925,18.994
5.75,23.27,20.84215833,19.047
5.76,23.26,20.89505556,19.043
5.77,23.27,20.94771111,18.956
5.78,23.28,21.00025833,18.917
5.79,23.28,21.05318333,19.053
5.8,23.28,21.10615556,19.07
5.81,23.26,21.15908889,19.056
5.82,23.26,21.21222222,19.128
5.83,23.26,21.26496389,18.987
5.84,23.25,21.31764444,18.965
5.85,23.26,21.37046667,19.016
5.86,23.26,21.42336944,19.045
5.87,23.27,21.47645278,19.11
5.88,23.26,21.52935278,19.044
5.89,23.27,21.58249167,19.13
5.9,23.26,21.6358,19.191
5.91,23.25,21.688675,19.035
5.92,23.25,21.74124167,18.924
5.93,23.25,21.79367222,18.875
5.94,23.26,21.84596944,18.827
5.95,23.26,21.89817778,18.795
5.96,23.25,21.95033889,18.778
5.97,23.26,22.002675,18.841
5.98,23.25,22.05516667,18.897
5.99,23.25,22.10768889,18.908
6,23.24,22.16000556,18.834
6.01,23.24,22.21215,18.772
6.02,23.25,22.26413889,18.716
6.03,23.24,22.31584722,18.615
6.04,23.24,22.36747778,18.587
6.05,23.25,22.41917778,18.612
6.06,23.25,22.47109167,18.689
6.07,23.25,22.52325556,18.779
6.08,23.25,22.57545278,18.791
6.09,23.25,22.62787778,18.873
6.1,23.25,22.68041111,18.912
6.11,23.25,22.73307778,18.96
6.12,23.25,22.78597222,19.042
6.13,23.26,22.83885833,19.039
6.14,23.24,22.89165833,19.008
6.15,23.26,22.94453611,19.036
6.16,23.26,22.99738056,19.024
6.17,23.25,23.05032222,19.059
6.18,23.25,23.10329722,19.071
6.19,23.26,23.15640833,19.12
6.2,23.25,23.20950278,19.114
6.21,23.25,23.26214722,18.952
6.22,23.25,23.31486667,18.979
6.23,23.27,23.36788889,19.088
6.24,23.27,23.42130556,19.23
6.25,23.27,23.47480278,19.259
6.26,23.25,23.52811111,19.191
6.27,23.25,23.58103611,19.053
6.28,23.24,23.63370556,18.961
6.29,23.24,23.68625833,18.919
6.3,23.24,23.73879722,18.914
6.31,23.24,23.791475,18.964
6.32,23.24,23.8441,18.945
6.33,23.24,23.89660556,18.902
6.34,23.25,23.949325,18.979
6.35,23.24,24.002075,18.99
6.36,23.24,24.05476111,18.967
6.37,23.23,24.10744444,18.966
6.38,23.24,24.16008889,18.952
6.39,23.23,24.21272778,18.95
6.4,23.25,24.26554167,19.013
6.41,23.25,24.31881389,19.178
6.42,23.25,24.372375,19.282
6.43,23.24,24.42603889,19.319
6.44,23.24,24.47961944,19.289
6.45,23.25,24.53317222,19.279
6.46,23.24,24.58639722,19.161
6.47,23.23,24.639275,19.036
6.48,23.24,24.69198611,18.976
6.49,23.22,24.74461667,18.947
6.5,23.24,24.79742222,19.01
6.51,23.25,24.85050278,19.109
6.52,23.23,24.90353056,19.09
6.53,23.24,24.95663889,19.119
6.54,23.24,25.00955556,19.05
6.55,23.24,25.06280833,19.171
6.56,23.24,25.11621111,19.225
6.57,23.25,25.16947222,19.174
6.58,23.25,25.22267222,19.152
6.59,23.23,25.27571667,19.096
6.6,23.22,25.32839444,18.964
6.61,23.22,25.38103056,18.949
6.62,23.22,25.4339,19.033
6.63,23.23,25.4867,19.008
6.64,23.23,25.53940833,18.975
6.65,23.23,25.59212778,18.979
6.66,23.23,25.64474167,18.941
6.67,23.24,25.69757778,19.021
6.68,23.24,25.75065,19.106
6.69,23.24,25.80372778,19.108
6.7,23.24,25.85683056,19.117
6.71,23.24,25.90991389,19.11
6.72,23.25,25.963075,19.138
6.73,23.24,26.01643056,19.208
6.74,23.25,26.07007778,19.313
6.75,23.24,26.12379722,19.339
6.76,23.24,26.17746667,19.321
6.77,23.25,26.231225,19.353
6.78,23.24,26.28495,19.341
6.79,23.24,26.33871944,19.357
6.8,23.24,26.39206944,19.206
6.81,23.22,26.44490556,19.021
6.82,23.22,26.49758889,18.966
6.83,23.21,26.55009722,18.903
6.84,23.22,26.60290833,19.012
6.85,23.22,26.65591389,19.082
6.86,23.22,26.70896111,19.097
6.87,23.22,26.76221667,19.172
6.88,23.21,26.81558889,19.214
6.89,23.21,26.86898611,19.223
6.9,23.22,26.92254167,19.28
6.91,23.23,26.97631944,19.36
6.92,23.24,27.03023056,19.408
6.93,23.22,27.08410556,19.395
6.94,23.22,27.13782222,19.338
6.95,23.21,27.19108889,19.176
6.96,23.21,27.24406667,19.072
6.97,23.21,27.29714722,19.109
6.98,23.21,27.35019167,19.096
6.99,23.21,27.40306111,19.033
7,23.22,27.45609722,19.093
7.01,23.22,27.508875,19
7.02,23.22,27.56146667,18.933
7.03,23.22,27.61418056,18.977
7.04,23.22,27.66713889,19.065
7.05,23.21,27.72023056,19.113
7.06,23.21,27.77337222,19.131
7.07,23.21,27.82641111,19.094
7.08,23.21,27.87975556,19.204
7.09,23.2,27.93254167,19.003
7.1,23.2,27.98550556,19.067
7.11,23.21,28.03920556,19.332
7.12,23.22,28.09320833,19.441
7.13,23.2,28.14741944,19.516
7.14,23.2,28.20078611,19.212
7.15,23.2,28.25376111,19.071
7.16,23.21,28.30815556,19.582
7.17,23.21,28.36263889,19.614
7.18,23.21,28.41718333,19.636
7.19,23.2,28.47195833,19.719
7.2,23.21,28.52707222,19.841
7.21,23.2,28.58196667,19.762
7.22,23.22,28.63678333,19.734
7.23,23.2,28.69183611,19.819
7.24,23.2,28.74710278,19.896
7.25,23.2,28.80016389,19.102
7.26,23.2,28.85330556,19.131
7.27,23.21,28.90906111,20.072
7.28,23.21,28.96226944,19.155
7.29,23.22,29.015225,19.064
7.3,23.21,29.06812222,19.043
7.31,23.21,29.12094722,19.017
7.32,23.2,29.17373611,19.004
7.33,23.2,29.22645278,18.978
7.34,23.2,29.27915,18.971
7.35,23.21,29.33195278,19.009
7.36,23.21,29.384925,19.07
7.37,23.22,29.43766111,18.985
7.38,23.21,29.49009444,18.876
7.39,23.2,29.54212778,18.732
7.4,23.2,29.59416667,18.734
7.41,23.21,29.64618889,18.728
7.42,23.21,29.69812222,18.696
7.43,23.21,29.75015556,18.732
7.44,23.21,29.80257778,18.872
7.45,23.22,29.85534444,18.996
7.46,23.21,29.90857778,19.164
7.47,23.21,29.96196944,19.221
7.48,23.2,30.01529722,19.198
7.49,23.2,30.06856667,19.177
7.5,23.2,30.1215,19.056
7.51,23.19,30.17383333,18.84
7.52,23.18,30.22623333,18.864
7.53,23.19,30.27878611,18.919
7.54,23.19,30.33156667,19.001
7.55,23.19,30.38445556,19.04
7.56,23.2,30.43753333,19.108
7.57,23.2,30.49105,19.266
7.58,23.2,30.54495,19.404
7.59,23.19,30.599175,19.521
7.6,23.21,30.65381667,19.671
7.61,23.2,30.708525,19.695
7.62,23.2,30.76325278,19.702
7.63,23.18,30.81767222,19.591
7.64,23.19,30.87178611,19.481
7.65,23.19,30.92547222,19.327
7.66,23.19,30.97896667,19.258
7.67,23.2,31.03224167,19.179
7.68,23.2,31.08552222,19.181
7.69,23.19,31.13893611,19.229
7.7,23.18,31.19205278,19.122
7.71,23.18,31.24535278,19.188
7.72,23.2,31.29890278,19.278
7.73,23.2,31.35266667,19.355
7.74,23.2,31.40673611,19.465
7.75,23.2,31.46086111,19.485
7.76,23.2,31.51490556,19.456
7.77,23.2,31.56896111,19.46
7.78,23.21,31.62278056,19.375
7.79,23.21,31.67626944,19.256
7.8,23.22,31.72978056,19.264
7.81,23.22,31.78340278,19.304
7.82,23.21,31.83708889,19.327
7.83,23.2,31.89064444,19.28
7.84,23.22,31.94398333,19.202
7.85,23.21,31.99727778,19.186
7.86,23.2,32.05033056,19.099
7.87,23.2,32.10336944,19.094
7.88,23.2,32.15644167,19.106
7.89,23.2,32.20962222,19.145
7.9,23.2,32.26266111,19.094
7.91,23.2,32.31557222,19.048
7.92,23.2,32.36858889,19.086
7.93,23.2,32.42128333,18.97
7.94,23.2,32.47429167,19.083
7.95,23.22,32.52765278,19.21
7.96,23.21,32.58099722,19.204
7.97,23.2,32.63413889,19.131
7.98,23.19,32.68692222,19.002
7.99,23.2,32.73946944,18.917
8,23.2,32.79251389,19.096
8.01,23.2,32.84580278,19.184
8.02,23.2,32.89917222,19.213
8.03,23.21,32.95232222,19.134
8.04,23.21,33.00555,19.162
8.05,23.21,33.05924722,19.331
8.06,23.19,33.11302222,19.359
8.07,23.2,33.16679444,19.358
8.08,23.2,33.220525,19.343
8.09,23.19,33.27426389,19.346
8.1,23.2,33.32906667,19.729
8.11,23.21,33.38425,19.866
8.12,23.2,33.4389,19.674
8.13,23.19,33.49210833,19.155
8.14,23.19,33.54510833,19.08
8.15,23.19,33.59819444,19.111
8.16,23.19,33.6514,19.154
8.17,23.18,33.70446389,19.103
8.18,23.18,33.75749167,19.09
8.19,23.18,33.81079167,19.188
8.2,23.18,33.86438611,19.294
8.21,23.19,33.91795,19.283
8.22,23.17,33.97159722,19.313
8.23,23.17,34.02524167,19.312
8.24,23.18,34.07861389,19.214
8.25,23.18,34.13178333,19.141
8.26,23.19,34.18504722,19.175
8.27,23.19,34.23853333,19.255
8.28,23.19,34.29199167,19.245
8.29,23.19,34.34572778,19.345
8.3,23.19,34.39954167,19.373
8.31,23.18,34.45341111,19.393
8.32,23.18,34.50711667,19.334
8.33,23.18,34.560725,19.299
8.34,23.19,34.61418611,19.246
8.35,23.19,34.66735,19.139
8.36,23.18,34.72062222,19.178
8.37,23.2,34.77371389,19.113
8.38,23.19,34.82661111,19.043
8.39,23.19,34.87952778,19.05
8.4,23.18,34.93260833,19.109
8.41,23.18,34.98527222,18.959
8.42,23.18,35.03763611,18.851
8.43,23.18,35.08990556,18.817
8.44,23.19,35.1423,18.862
8.45,23.19,35.19490556,18.938
8.46,23.18,35.24773889,19.02
8.47,23.18,35.30112778,19.22
8.48,23.17,35.35467222,19.276
8.49,23.18,35.40801944,19.205
8.5,23.18,35.46135278,19.2
8.51,23.17,35.51490278,19.278
8.52,23.17,35.56845278,19.278
8.53,23.17,35.62189444,19.239
8.54,23.18,35.67502778,19.128
8.55,23.19,35.727975,19.061
8.56,23.19,35.780925,19.062
8.57,23.19,35.83375278,19.018
8.58,23.19,35.88660833,19.028
8.59,23.18,35.93976944,19.138
8.6,23.18,35.9927,19.055
8.61,23.19,36.04585,19.134
8.62,23.16,36.09905833,19.155
8.63,23.16,36.15228611,19.162
8.64,23.17,36.20566389,19.216
8.65,23.17,36.25926944,19.298
8.66,23.17,36.31303611,19.356
8.67,23.17,36.36666944,19.308
8.68,23.17,36.42019722,19.27
8.69,23.16,36.47379167,19.294
8.7,23.16,36.52716389,19.214
8.71,23.16,36.58059167,19.234
8.72,23.15,36.63375,19.137
8.73,23.16,36.68683889,19.112
8.74,23.15,36.73986111,19.088
8.75,23.19,36.79319167,19.199
8.76,23.17,36.84652222,19.199
8.77,23.16,36.89980556,19.182
8.78,23.16,36.95321944,19.229
8.79,23.17,37.00676111,19.275
8.8,23.15,37.06041389,19.315
8.81,23.16,37.11425833,19.384
8.82,23.19,37.16803333,19.359
8.83,23.19,37.22161944,19.291
8.84,23.21,37.27507222,19.243
8.85,23.21,37.32864722,19.287
8.86,23.2,37.38215833,19.264
8.87,23.19,37.43535833,19.152
8.88,23.2,37.48868889,19.199
8.89,23.21,37.54223056,19.275
8.9,23.22,37.59594167,19.336
8.91,23.19,37.64966944,19.342
8.92,23.19,37.70335278,19.326
8.93,23.2,37.75720833,19.388
8.94,23.19,37.81122778,19.447
8.95,23.18,37.86518889,19.426
8.96,23.19,37.91906944,19.397
8.97,23.19,37.97314444,19.467
8.98,23.22,38.02724444,19.476
8.99,23.21,38.08141111,19.5
9,23.18,38.13513611,19.341
9.01,23.18,38.18856667,19.235
9.02,23.18,38.24187778,19.192
9.03,23.2,38.29523333,19.208
9.04,23.21,38.34848611,19.171
9.05,23.2,38.40186389,19.216
9.06,23.2,38.45532778,19.247
9.07,23.2,38.50899722,19.321
9.08,23.21,38.56261111,19.301
9.09,23.21,38.61623056,19.303
9.1,23.2,38.66975,19.267
9.11,23.2,38.72300833,19.173
9.12,23.2,38.77614444,19.129
9.13,23.2,38.82958611,19.239
9.14,23.19,38.88303611,19.242
9.15,23.2,38.93651667,19.253
9.16,23.2,38.98981944,19.189
9.17,23.2,39.042975,19.136
9.18,23.19,39.09616944,19.15
9.19,23.18,39.14945,19.181
9.2,23.19,39.20256667,19.122
9.21,23.2,39.255525,19.065
9.22,23.19,39.30879167,19.176
9.23,23.18,39.36194722,19.136
9.24,23.18,39.41491389,19.068
9.25,23.19,39.46775556,19.023
9.26,23.2,39.5206,19.024
9.27,23.2,39.57361667,19.086
9.28,23.21,39.62685,19.164
9.29,23.2,39.68037778,19.27
9.3,23.2,39.73411667,19.346
9.31,23.19,39.78781944,19.333
9.32,23.18,39.84134444,19.269
9.33,23.18,39.89483889,19.258
9.34,23.19,39.94821944,19.217
9.35,23.19,40.001625,19.226
9.36,23.19,40.05510278,19.252
9.37,23.2,40.10880278,19.332
9.38,23.19,40.16260833,19.37
9.39,23.19,40.21631389,19.334
9.4,23.18,40.26982222,19.263
9.41,23.18,40.32330556,19.254
9.42,23.19,40.37695,19.312
9.43,23.19,40.43080278,19.387
9.44,23.19,40.48479167,19.436
9.45,23.18,40.53896389,19.502
9.46,23.19,40.59335278,19.58
9.47,23.18,40.64743056,19.468
9.48,23.17,40.70131944,19.4
9.49,23.17,40.75499444,19.323
9.5,23.18,40.80838889,19.222
9.51,23.19,40.86145556,19.104
9.52,23.19,40.91411111,18.956
9.53,23.18,40.9666,18.896
9.54,23.18,41.01903889,18.878
9.55,23.17,41.07143889,18.864
9.56,23.18,41.12382778,18.86
9.57,23.17,41.1763,18.89
9.58,23.17,41.22909444,19.006
9.59,23.18,41.28198056,19.039
9.6,23.19,41.33491944,19.058
9.61,23.18,41.38789167,19.07
9.62,23.18,41.44090833,19.086
9.63,23.19,41.4945,19.293
9.64,23.18,41.54839444,19.402
9.65,23.18,41.60200556,19.3
9.66,23.18,41.65543889,19.236
9.67,23.18,41.70928889,19.386
9.68,23.18,41.76318333,19.402
9.69,23.16,41.81684722,19.319
9.7,23.17,41.87050833,19.318
9.71,23.16,41.92401944,19.264
9.72,23.17,41.97744722,19.234
9.73,23.18,42.03082222,19.215
9.74,23.19,42.08458889,19.356
9.75,23.19,42.13865556,19.464
9.76,23.18,42.19311667,19.606
9.77,23.17,42.24758056,19.607
9.78,23.17,42.30186944,19.544
9.79,23.16,42.35614722,19.54
9.8,23.18,42.41017222,19.449
9.81,23.19,42.46378056,19.299
9.82,23.18,42.51725278,19.25
9.83,23.19,42.57075833,19.262
9.84,23.19,42.6242,19.239
9.85,23.2,42.67771389,19.265
9.86,23.19,42.73108333,19.213
9.87,23.2,42.78421389,19.127
9.88,23.2,42.83726389,19.098
9.89,23.21,42.89051389,19.17
9.9,23.17,42.94370278,19.148
9.91,23.18,42.99716944,19.248
9.92,23.17,43.05071944,19.278
9.93,23.19,43.10438889,19.321
9.94,23.2,43.15775278,19.211
9.95,23.2,43.21130833,19.28
9.96,23.19,43.26475278,19.24
9.97,23.18,43.31792222,19.141
9.98,23.18,43.37108611,19.139
9.99,23.18,43.42408333,19.079
10,23.17,43.476775,18.969
10.01,23.19,43.52953056,18.992
10.02,23.18,43.58255556,19.089
10.03,23.19,43.63623611,19.325
10.04,23.18,43.69019722,19.426
10.05,23.18,43.74401667,19.375
10.06,23.19,43.79768889,19.322
10.07,23.18,43.85128889,19.296
10.08,23.18,43.90468611,19.223
10.09,23.18,43.95765833,19.07
10.1,23.18,44.01037222,18.977
10.11,23.19,44.06305833,18.967
10.12,23.19,44.11570278,18.952
10.13,23.21,44.16853889,19.021
10.14,23.19,44.22166667,19.126
10.15,23.18,44.2749,19.164
10.16,23.17,44.32829167,19.221
10.17,23.18,44.38181667,19.269
10.18,23.19,44.435375,19.281
10.19,23.19,44.48891389,19.274
10.2,23.19,44.54249722,19.29
10.21,23.19,44.59610833,19.3
10.22,23.17,44.65006944,19.426
10.23,23.18,44.70404167,19.43
10.24,23.17,44.75818611,19.492
10.25,23.17,44.81264167,19.604
10.26,23.18,44.86716667,19.629
10.27,23.18,44.9213,19.488
10.28,23.19,44.97532778,19.45
10.29,23.18,45.02896389,19.309
10.3,23.18,45.08260278,19.31
10.31,23.18,45.13635278,19.35
10.32,23.17,45.18993333,19.289
10.33,23.18,45.24343333,19.26
10.34,23.18,45.29693056,19.259
10.35,23.18,45.35030278,19.214
10.36,23.17,45.40324444,19.059
10.37,23.16,45.45586667,18.944
10.38,23.18,45.50866667,19.008
10.39,23.18,45.56157222,19.046
10.4,23.17,45.614475,19.045
10.41,23.16,45.66709722,18.944
10.42,23.17,45.71935833,18.814
10.43,23.17,45.77175,18.861
10.44,23.17,45.82440278,18.955
10.45,23.17,45.87763333,19.163
10.46,23.16,45.93127778,19.312
10.47,23.17,45.98511389,19.381
10.48,23.18,46.03886389,19.35
10.49,23.17,46.09223333,19.213
10.5,23.18,46.14552778,19.186
10.51,23.17,46.19881111,19.182
10.52,23.16,46.25205,19.166
10.53,23.17,46.30542778,19.216
10.54,23.16,46.35883611,19.227
10.55,23.17,46.41232222,19.255
10.56,23.17,46.46599444,19.322
10.57,23.17,46.51969444,19.332
10.58,23.17,46.57356111,19.392
10.59,23.15,46.62730278,19.347
10.6,23.14,46.68103611,19.344
10.61,23.16,46.73460556,19.285
10.62,23.16,46.78853333,19.414
10.63,23.17,46.84282778,19.546
10.64,23.17,46.89715833,19.559
10.65,23.18,46.95161667,19.605
10.66,23.17,47.00600556,19.58
10.67,23.17,47.06037778,19.574
10.68,23.17,47.11470278,19.557
10.69,23.17,47.16879167,19.472
10.7,23.16,47.22239722,19.298
10.71,23.16,47.27557778,19.145
10.72,23.18,47.32864167,19.103
10.73,23.17,47.38199444,19.207
10.74,23.16,47.43568889,19.33
10.75,23.17,47.48935,19.318
10.76,23.17,47.54261389,19.175
10.77,23.15,47.5956,19.075
10.78,23.16,47.648225,18.945
10.79,23.16,47.70054722,18.836
10.8,23.17,47.75253056,18.714
10.81,23.16,47.80453333,18.721
10.82,23.17,47.85693611,18.865
10.83,23.17,47.90961111,18.963
10.84,23.17,47.96234167,18.983
10.85,23.18,48.01525556,19.049
10.86,23.17,48.068025,18.997
10.87,23.17,48.12096111,19.057
10.88,23.17,48.17404444,19.11
10.89,23.16,48.22723056,19.147
10.9,23.15,48.2806,19.213
10.91,23.15,48.33403889,19.238
10.92,23.16,48.38748889,19.242
10.93,23.16,48.44115278,19.319
10.94,23.15,48.49492778,19.359
10.95,23.17,48.54886944,19.419
10.96,23.16,48.60290278,19.452
10.97,23.16,48.65723889,19.561
10.98,23.16,48.71183889,19.656
10.99,23.15,48.76679722,19.785
11,23.17,48.82175,19.783
11.01,23.16,48.87646111,19.696
11.02,23.16,48.93110833,19.673
11.03,23.16,48.98572778,19.663
11.04,23.15,49.03995556,19.522
11.05,23.16,49.09369167,19.345
11.06,23.15,49.14728056,19.292
11.07,23.15,49.20096944,19.328
11.08,23.18,49.25509167,19.484
11.09,23.18,49.30974722,19.676
11.1,23.17,49.36449444,19.709
11.11,23.16,49.419075,19.649
11.12,23.16,49.47346667,19.581
11.13,23.15,49.527625,19.497
11.14,23.14,49.58146111,19.381
11.15,23.15,49.63496389,19.261
11.16,23.13,49.68807778,19.121
11.17,23.14,49.74103056,19.063
11.18,23.15,49.79423056,19.152
11.19,23.16,49.84748056,19.17
11.2,23.16,49.90051667,19.093
11.21,23.16,49.953525,19.083
11.22,23.16,50.00641944,19.042
11.23,23.16,50.059275,19.028
11.24,23.15,50.11208889,19.013
11.25,23.14,50.16480833,18.979
11.26,23.14,50.21735278,18.916
11.27,23.15,50.26996667,18.941
11.28,23.13,50.32234167,18.855
11.29,23.14,50.37482222,18.893
11.3,23.14,50.42764722,19.017
11.31,23.14,50.48093889,19.185
11.32,23.16,50.53448333,19.276
11.33,23.17,50.588,19.266
11.34,23.15,50.64141667,19.23
11.35,23.15,50.69480278,19.219
11.36,23.15,50.74815833,19.208
11.37,23.14,50.801625,19.248
11.38,23.12,50.85499722,19.214
11.39,23.11,50.90855556,19.281
11.4,23.13,50.96218333,19.306
11.41,23.15,51.01585278,19.321
11.42,23.14,51.06956944,19.338
11.43,23.14,51.12319444,19.305
11.44,23.15,51.1769,19.334
11.45,23.16,51.23060556,19.334
11.46,23.16,51.28443056,19.377
11.47,23.13,51.33791389,19.254
11.48,23.13,51.3911,19.147
11.49,23.12,51.44414167,19.095
11.5,23.13,51.49726111,19.123
11.51,23.14,51.55055833,19.187
11.52,23.15,51.6041,19.275
11.53,23.14,51.65724444,19.132
11.54,23.15,51.71027222,19.09
11.55,23.14,51.76338611,19.121
11.56,23.14,51.81615833,18.998
11.57,23.13,51.86894444,19.003
11.58,23.14,51.92216944,19.161
11.59,23.14,51.97561944,19.242
11.6,23.15,52.02917778,19.281
11.61,23.14,52.08298333,19.37
11.62,23.13,52.13679722,19.373
11.63,23.14,52.19017778,19.217
11.64,23.15,52.24320556,19.09
11.65,23.16,52.29627222,19.104
11.66,23.15,52.34931389,19.095
11.67,23.13,52.40223333,19.051
11.68,23.12,52.45505278,19.015
11.69,23.13,52.50776944,18.978
11.7,23.14,52.56076389,19.078
11.71,23.13,52.613825,19.102
11.72,23.13,52.66700278,19.144
11.73,23.12,52.72049167,19.256
11.74,23.14,52.77436944,19.396
11.75,23.13,52.8286,19.523
11.76,23.12,52.88284444,19.528
11.77,23.13,52.93678611,19.419
11.78,23.14,52.99046944,19.326
11.79,23.12,53.04415833,19.328
11.8,23.14,53.098025,19.392
11.81,23.15,53.15198889,19.427
11.82,23.15,53.20606944,19.469
11.83,23.16,53.260075,19.442
11.84,23.17,53.31389167,19.374
11.85,23.16,53.36745556,19.283
11.86,23.15,53.42083056,19.215
11.87,23.14,53.47431389,19.254
11.88,23.13,53.52800556,19.329
11.89,23.14,53.58173611,19.343
11.9,23.15,53.63541389,19.324
11.91,23.15,53.68873333,19.195
11.92,23.15,53.74159444,19.03
11.93,23.14,53.79412778,18.912
11.94,23.15,53.84610833,18.713
11.95,23.15,53.89843333,18.837
11.96,23.15,53.95092778,18.898
11.97,23.15,54.00343333,18.902
11.98,23.15,54.05554722,18.761
11.99,23.18,54.10771389,18.78
12,23.17,54.16050833,19.006
12.01,23.15,54.21347778,19.069
12.02,23.12,54.26648333,19.082
12.03,23.13,54.31961111,19.126
12.04,23.16,54.37298889,19.216
12.05,23.15,54.42672778,19.346
12.06,23.13,54.48051667,19.364
12.07,23.15,54.53430278,19.363
12.08,23.15,54.58813889,19.381
12.09,23.17,54.64202778,19.4
12.1,23.15,54.69587778,19.386
12.11,23.14,54.74992222,19.456
12.12,23.16,54.80415833,19.525
12.13,23.13,54.85844444,19.543
12.14,23.15,54.91300278,19.641
12.15,23.14,54.96739444,19.581
12.16,23.13,55.021225,19.379
12.17,23.12,55.07488333,19.317
12.18,23.12,55.12833056,19.241
12.19,23.14,55.18143056,19.116
12.2,23.14,55.23421667,19.003
12.21,23.14,55.28664444,18.874
12.22,23.14,55.33892778,18.822
12.23,23.15,55.39131944,18.861
12.24,23.14,55.44359722,18.82
12.25,23.15,55.49592778,18.839
12.26,23.13,55.54854722,18.943
12.27,23.11,55.60126389,18.978
12.28,23.1,55.65378889,18.909
12.29,23.13,55.70671944,19.055
12.3,23.14,55.75988611,19.14
12.31,23.14,55.81285278,19.068
12.32,23.14,55.865775,19.052
12.33,23.11,55.91878056,19.082
12.34,23.13,55.97188611,19.118
12.35,23.13,56.02518611,19.188
12.36,23.13,56.07831667,19.127
12.37,23.12,56.13132222,19.082
12.38,23.13,56.18425,19.054
12.39,23.12,56.23720833,19.065
12.4,23.13,56.290525,19.194
12.41,23.14,56.34371389,19.148
12.42,23.14,56.39711944,19.226
12.43,23.13,56.4507,19.289
12.44,23.12,56.50423056,19.271
12.45,23.12,56.55760556,19.215
12.46,23.12,56.61089722,19.185
12.47,23.13,56.66435278,19.244
12.48,23.11,56.71815278,19.368
12.49,23.11,56.77174167,19.292
12.5,23.11,56.82520833,19.248
12.51,23.13,56.87856111,19.207
12.52,23.14,56.93201111,19.242
12.53,23.14,56.98546389,19.243
12.54,23.13,57.03886389,19.224
12.55,23.12,57.09217222,19.191
12.56,23.12,57.14539167,19.159
12.57,23.11,57.19824444,19.027
12.58,23.11,57.250775,18.911
12.59,23.13,57.30358056,19.01
12.6,23.12,57.35682778,19.169
12.61,23.11,57.41024167,19.229
12.62,23.11,57.46347222,19.163
12.63,23.11,57.51591111,18.878
12.64,23.12,57.5679,18.716
12.65,23.12,57.61993889,18.734
12.66,23.11,57.67250556,18.924
12.67,23.12,57.72560556,19.116
12.68,23.12,57.77911667,19.264
12.69,23.13,57.83285556,19.346
12.7,23.12,57.886525,19.321
12.71,23.12,57.94004167,19.266
12.72,23.12,57.99363611,19.294
12.73,23.11,58.04715556,19.267
12.74,23.11,58.10077778,19.304
12.75,23.12,58.15432222,19.276
12.76,23.12,58.20798056,19.317
12.77,23.11,58.26161667,19.309
12.78,23.1,58.31538056,19.355
12.79,23.1,58.36905278,19.322
12.8,23.09,58.42262222,19.285
12.81,23.1,58.47640556,19.362
12.82,23.12,58.53038889,19.434
12.83,23.13,58.58444167,19.459
12.84,23.13,58.63873333,19.545
12.85,23.12,58.69305833,19.557
12.86,23.12,58.74756667,19.623
12.87,23.11,58.80219444,19.666
12.88,23.12,58.85696389,19.717
12.89,23.11,58.91153611,19.646
12.9,23.12,58.9658,19.535
12.91,23.11,59.01976389,19.427
12.92,23.11,59.07333056,19.284
12.93,23.12,59.12655556,19.161
12.94,23.13,59.17993889,19.218
12.95,23.11,59.23366111,19.34
12.96,23.1,59.28740556,19.348
12.97,23.1,59.34105833,19.315
12.98,23.1,59.39460833,19.278
12.99,23.12,59.44823611,19.306
13,23.1,59.50176389,19.27
13.01,23.11,59.555125,19.21
13.02,23.11,59.60823889,19.121
13.03,23.1,59.66074167,18.901
13.04,23.11,59.71310556,18.851
13.05,23.1,59.76537222,18.816
13.06,23.12,59.81786111,18.896
13.07,23.11,59.87045833,18.935
13.08,23.1,59.92336111,19.045
13.09,23.11,59.97633056,19.069
13.1,23.1,60.02935,19.087
13.11,23.1,60.08235,19.08
13.12,23.1,60.13529444,19.06
13.13,23.11,60.18865,19.208
13.14,23.09,60.24219167,19.275
13.15,23.1,60.29576944,19.288
13.16,23.1,60.34932222,19.279
13.17,23.11,60.40298333,19.318
13.18,23.11,60.45651667,19.272
13.19,23.11,60.51017778,19.318
13.2,23.11,60.56379444,19.302
13.21,23.11,60.617275,19.253
13.22,23.09,60.67043056,19.136
13.23,23.09,60.72345,19.087
13.24,23.09,60.77658333,19.128
13.25,23.11,60.82994167,19.209
13.26,23.1,60.88338889,19.241
13.27,23.1,60.93676944,19.217
13.28,23.11,60.99024444,19.251
13.29,23.1,61.04366944,19.233
13.3,23.09,61.09678333,19.121
13.31,23.09,61.15003611,19.171
13.32,23.1,61.20337222,19.201
13.33,23.09,61.25725,19.396
13.34,23.09,61.31129167,19.455
13.35,23.11,61.36507222,19.361
13.36,23.1,61.41856389,19.257
13.37,23.09,61.47157778,19.085
13.38,23.09,61.52412222,18.916
13.39,23.09,61.57666667,18.916
13.4,23.12,61.62971667,19.098
13.41,23.09,61.68302778,19.192
13.42,23.08,61.73664167,19.301
13.43,23.08,61.79038611,19.348
13.44,23.1,61.84409167,19.334
13.45,23.11,61.89781111,19.339
13.46,23.1,61.95119722,19.219
13.47,23.1,62.00470833,19.264
13.48,23.1,62.05823611,19.27
13.49,23.1,62.11175833,19.268
13.5,23.1,62.165325,19.284
13.51,23.1,62.21889167,19.284
13.52,23.08,62.27234167,19.242
13.53,23.09,62.32593056,19.292
13.54,23.08,62.37931667,19.219
13.55,23.08,62.43249444,19.144
13.56,23.1,62.48571389,19.159
13.57,23.1,62.53848056,18.996
13.58,23.1,62.59150556,19.089
13.59,23.08,62.64436389,19.029
13.6,23.08,62.69716944,19.01
13.61,23.09,62.75028611,19.122
13.62,23.09,62.80348611,19.152
13.63,23.09,62.85635833,19.034
13.64,23.09,62.90922778,19.033
13.65,23.08,62.96224722,19.087
13.66,23.09,63.01538611,19.13
13.67,23.08,63.06872222,19.201
13.68,23.09,63.12203333,19.192
13.69,23.09,63.1756,19.284
13.7,23.1,63.22918889,19.292
13.71,23.09,63.2829,19.336
13.72,23.1,63.33690278,19.441
13.73,23.11,63.39077778,19.395
13.74,23.11,63.44459167,19.373
13.75,23.1,63.498275,19.326
13.76,23.09,63.55201389,19.346
13.77,23.08,63.605625,19.3
13.78,23.09,63.65911944,19.258
13.79,23.09,63.71264167,19.268
13.8,23.08,63.76602778,19.219
13.81,23.11,63.81941944,19.221
13.82,23.12,63.87280278,19.218
13.83,23.12,63.92614722,19.204
13.84,23.12,63.97910833,19.066
13.85,23.11,64.03174444,18.949
13.86,23.1,64.08432222,18.928
13.87,23.1,64.13693056,18.939
13.88,23.11,64.18969722,18.996
13.89,23.11,64.24267778,19.073
13.9,23.12,64.29592778,19.17
13.91,23.11,64.34925,19.196
13.92,23.11,64.40249167,19.167
13.93,23.11,64.45574444,19.171
13.94,23.11,64.50910833,19.211
13.95,23.11,64.56268611,19.288
13.96,23.12,64.61629167,19.298
13.97,23.11,64.66998889,19.331
13.98,23.1,64.72367778,19.328
13.99,23.11,64.77723611,19.281
14,23.1,64.83087222,19.309
14.01,23.09,64.88460833,19.345
14.02,23.09,64.93814722,19.274
14.03,23.1,64.99145556,19.191
14.04,23.1,65.04471111,19.172
14.05,23.1,65.09806667,19.208
14.06,23.11,65.15175278,19.327
14.07,23.12,65.20591667,19.499
14.08,23.11,65.26075833,19.743
14.09,23.11,65.31585278,19.834
14.1,23.12,65.37078611,19.776
14.11,23.1,65.42542778,19.671
14.12,23.1,65.47971944,19.545
14.13,23.11,65.53378611,19.464
14.14,23.11,65.58748333,19.331
14.15,23.09,65.64076389,19.181
14.16,23.1,65.69374444,19.073
14.17,23.1,65.74679167,19.097
14.18,23.1,65.80000833,19.158
14.19,23.08,65.85304444,19.093
14.2,23.08,65.90581111,18.996
14.21,23.09,65.95861667,19.01
14.22,23.1,66.0116,19.074
14.23,23.1,66.06473333,19.128
14.24,23.09,66.11773333,19.08
14.25,23.09,66.17035833,18.945
14.26,23.1,66.22319722,19.022
14.27,23.09,66.27582222,18.945
14.28,23.08,66.32809722,18.819
14.29,23.09,66.37988889,18.645
14.3,23.08,66.43193889,18.738
14.31,23.07,66.48415278,18.797
14.32,23.08,66.5368,18.953
14.33,23.09,66.58993333,19.128
14.34,23.1,66.64346111,19.27
14.35,23.12,66.69728333,19.376
14.36,23.12,66.75149722,19.517
14.37,23.1,66.80601389,19.626
14.38,23.11,66.86098333,19.789
14.39,23.1,66.91602778,19.816
14.4,23.1,66.97051944,19.617
14.41,23.1,67.02481667,19.547
14.42,23.1,67.07884722,19.451
14.43,23.1,67.13235,19.261
14.44,23.1,67.18574444,19.222
14.45,23.1,67.23876944,19.089
14.46,23.1,67.29144444,18.963
14.47,23.1,67.34419167,18.989
14.48,23.12,67.39708889,19.043
14.49,23.12,67.44985556,18.996
14.5,23.1,67.50241389,18.921
14.51,23.1,67.555025,18.94
14.52,23.1,67.60793333,19.047
14.53,23.1,67.66082222,19.04
14.54,23.11,67.71376111,19.058
14.55,23.11,67.76676389,19.081
14.56,23.12,67.82036111,19.295
14.57,23.12,67.87423611,19.395
14.58,23.11,67.92814722,19.408
14.59,23.09,67.98197222,19.377
14.6,23.09,68.03557778,19.298
14.61,23.09,68.08908611,19.263
14.62,23.1,68.14251389,19.234
14.63,23.09,68.19614167,19.306
14.64,23.08,68.24959167,19.242
14.65,23.08,68.30294444,19.207
14.66,23.1,68.35629167,19.205
14.67,23.1,68.409875,19.29
14.68,23.09,68.46366389,19.364
14.69,23.1,68.51739722,19.344
14.7,23.1,68.57146944,19.466
14.71,23.09,68.62570833,19.526
14.72,23.1,68.68010833,19.584
14.73,23.1,68.73454167,19.596
14.74,23.1,68.78846667,19.413
14.75,23.1,68.84224722,19.361
14.76,23.1,68.89589722,19.314
14.77,23.08,68.94929444,19.223
14.78,23.07,69.00240833,19.121
14.79,23.07,69.05548333,19.107
14.8,23.09,69.10873611,19.171
14.81,23.11,69.16192222,19.147
14.82,23.1,69.21518889,19.176
14.83,23.11,69.26870833,19.267
14.84,23.12,69.32263056,19.412
14.85,23.12,69.37658056,19.422
14.86,23.1,69.43027778,19.331
14.87,23.11,69.48384722,19.285
14.88,23.11,69.53751111,19.319
14.89,23.1,69.59113889,19.306
14.9,23.09,69.64467222,19.272
14.91,23.11,69.69836389,19.329
14.92,23.1,69.75203333,19.321
14.93,23.11,69.80561389,19.289
14.94,23.1,69.85923333,19.303
14.95,23.12,69.91280278,19.285
14.96,23.13,69.96653889,19.345
14.97,23.12,70.020175,19.309
14.98,23.1,70.07362222,19.241
14.99,23.1,70.126625,19.081
15,23.12,70.1799,19.179
15.01,23.12,70.23338056,19.253
15.02,23.11,70.28680278,19.232
15.03,23.11,70.34003333,19.163
15.04,23.1,70.39303056,19.079
15.05,23.1,70.44575833,18.982
15.06,23.1,70.49837222,18.941
15.07,23.11,70.55088333,18.904
15.08,23.1,70.60354444,18.958
15.09,23.1,70.65629444,18.99
15.1,23.11,70.70914167,19.025
15.11,23.12,70.76199722,19.028
15.12,23.11,70.81478611,19.004
15.13,23.1,70.86749444,18.975
15.14,23.11,70.92025833,18.995
15.15,23.12,70.97306944,19.012
15.16,23.11,71.02584167,18.998
15.17,23.11,71.07866944,19.018
15.18,23.1,71.13161111,19.059
15.19,23.11,71.18473889,19.126
15.2,23.09,71.23802222,19.182
15.21,23.08,71.29106944,19.097
15.22,23.09,71.34420833,19.13
15.23,23.09,71.39741667,19.155
15.24,23.1,71.45087222,19.244
15.25,23.11,71.50436389,19.257
15.26,23.1,71.55788889,19.269
15.27,23.09,71.61088889,19.08
15.28,23.07,71.66382778,19.058
15.29,23.08,71.716875,19.097
15.3,23.08,71.77004722,19.142
15.31,23.09,71.82361111,19.283
15.32,23.09,71.87755556,19.42
15.33,23.09,71.93124444,19.328
15.34,23.07,71.98465833,19.229
15.35,23.08,72.03802778,19.213
15.36,23.08,72.09157222,19.276
15.37,23.07,72.1454,19.378
15.38,23.08,72.199475,19.467
15.39,23.07,72.25351111,19.453
15.4,23.09,72.30783889,19.558
15.41,23.1,72.36239167,19.639
15.42,23.08,72.41672778,19.561
15.43,23.08,72.47089722,19.501
15.44,23.08,72.52475833,19.39
15.45,23.06,72.57814722,19.22
15.46,23.08,72.63128333,19.129
15.47,23.09,72.68429444,19.084
15.48,23.07,72.73736389,19.105
15.49,23.09,72.79101389,19.314
15.5,23.09,72.84488611,19.394
15.51,23.09,72.89895278,19.464
15.52,23.08,72.95279167,19.382
15.53,23.08,73.00615278,19.21
15.54,23.07,73.05956944,19.23
15.55,23.08,73.11294722,19.216
15.56,23.08,73.16636667,19.231
15.57,23.08,73.22010833,19.347
15.58,23.07,73.27423333,19.485
15.59,23.09,73.32893056,19.691
15.6,23.08,73.38365,19.699
15.61,23.06,73.43778056,19.487
15.62,23.07,73.49196667,19.507
15.63,23.06,73.54611389,19.493
15.64,23.05,73.59995278,19.382
15.65,23.05,73.65377778,19.377
15.66,23.06,73.70771667,19.418
15.67,23.06,73.76153056,19.373
15.68,23.06,73.81548333,19.423
15.69,23.07,73.86955556,19.466
15.7,23.06,73.92365833,19.477
15.71,23.06,73.977375,19.338
15.72,23.06,74.03131389,19.418
15.73,23.05,74.08541389,19.476
15.74,23.06,74.13915278,19.346
15.75,23.06,74.19256667,19.229
15.76,23.06,74.24578889,19.16
15.77,23.06,74.29899722,19.155
15.78,23.07,74.35261667,19.303
15.79,23.05,74.40621944,19.297
15.8,23.03,74.45918889,19.069
15.81,23.06,74.51168889,18.9
15.82,23.07,74.56449167,19.009
15.83,23.05,74.617425,19.056
15.84,23.07,74.67053056,19.118
15.85,23.09,74.72428611,19.352
15.86,23.09,74.778475,19.508
15.87,23.08,74.83233333,19.389
15.88,23.07,74.88583333,19.26
15.89,23.06,74.93933333,19.26
15.9,23.06,74.99281667,19.254
15.91,23.05,75.04619444,19.216
15.92,23.05,75.09929722,19.117
15.93,23.04,75.152175,19.036
15.94,23.05,75.20529444,19.123
15.95,23.06,75.25854444,19.17
15.96,23.07,75.31203889,19.258
15.97,23.07,75.36543611,19.223
15.98,23.05,75.41905,19.301
15.99,23.06,75.472625,19.287
16,23.05,75.52649722,19.394
16.01,23.05,75.58044167,19.42
16.02,23.05,75.63456667,19.485
16.03,23.06,75.68893333,19.572
16.04,23.05,75.743475,19.635
16.05,23.05,75.79828056,19.73
16.06,23.07,75.85290278,19.664
16.07,23.06,75.90728056,19.576
16.08,23.05,75.9616,19.555
16.09,23.05,76.01583056,19.523
16.1,23.05,76.06994722,19.482
16.11,23.04,76.12366667,19.339
16.12,23.05,76.17706389,19.223
16.13,23.05,76.23048611,19.232
16.14,23.05,76.28452222,19.453
16.15,23.05,76.33866389,19.491
16.16,23.04,76.39283889,19.503
16.17,23.04,76.44678333,19.42
16.18,23.02,76.50101667,19.524
16.19,23.03,76.555525,19.623
16.2,23.04,76.61001389,19.616
16.21,23.03,76.66428889,19.539
16.22,23.05,76.71815278,19.391
16.23,23.04,76.77195833,19.37
16.24,23.04,76.82596111,19.441
16.25,23.04,76.8798,19.382
16.26,23.04,76.93372222,19.412
16.27,23.04,76.98787222,19.494
16.28,23.04,77.04186944,19.439
16.29,23.01,77.09577778,19.407
16.3,23.01,77.14969444,19.41
16.31,23.02,77.20360833,19.409
16.32,23.02,77.25720278,19.294
16.33,23.03,77.31071111,19.263
16.34,23.03,77.36451389,19.369
16.35,23.02,77.41845556,19.419
16.36,23.02,77.47225278,19.367
16.37,23.01,77.52584444,19.293
16.38,23.01,77.57954722,19.333
16.39,23.01,77.633575,19.45
16.4,23,77.68772778,19.495
16.41,23,77.74195,19.52
16.42,23.01,77.79599722,19.457
16.43,23.01,77.850225,19.522
16.44,23.01,77.90470556,19.613
16.45,23.01,77.95941944,19.697
16.46,23,78.01401389,19.654
16.47,22.99,78.0682,19.507
16.48,23,78.12236667,19.5
16.49,23,78.17647778,19.48
16.5,23.01,78.23093611,19.605
16.51,22.99,78.28541944,19.614
16.52,22.98,78.33968333,19.535
16.53,22.99,78.393625,19.419
16.54,23,78.44768889,19.463
16.55,23,78.50206111,19.574
16.56,22.99,78.55662778,19.644
16.57,22.99,78.61135556,19.702
16.58,23,78.66636111,19.802
16.59,23,78.72155833,19.871
16.6,23.02,78.77662222,19.823
16.61,23,78.83131667,19.69
16.62,22.99,78.88560833,19.545
16.63,22.99,78.93984722,19.526
16.64,23,78.99395833,19.48
16.65,22.99,79.04793056,19.43
16.66,22.98,79.101675,19.348
16.67,22.99,79.155375,19.332
16.68,23,79.20925556,19.397
16.69,22.99,79.2634,19.492
16.7,22.96,79.31765,19.53
16.71,22.96,79.37198056,19.559
16.72,22.97,79.42619167,19.516
16.73,22.98,79.4806,19.587
16.74,22.99,79.53489167,19.545
16.75,22.99,79.5886,19.335
16.76,22.98,79.64223333,19.308
16.77,22.97,79.6961,19.392
16.78,22.96,79.74982222,19.34
16.79,22.96,79.80329722,19.251
16.8,22.97,79.85674167,19.24
16.81,23.02,79.91041389,19.322
16.82,23.02,79.96425556,19.383
16.83,23.03,80.01824444,19.436
16.84,23.04,80.07233889,19.474
16.85,23.04,80.12686944,19.631
16.86,23.04,80.18136667,19.619
16.87,23.02,80.23588889,19.628
16.88,23.01,80.29008611,19.511
16.89,23.01,80.34396111,19.395
16.9,23.01,80.39803889,19.468
16.91,23.01,80.45215556,19.482
16.92,22.99,80.50639722,19.527
16.93,23.01,80.56059444,19.511
16.94,23.01,80.61484722,19.531
16.95,23.01,80.66934722,19.62
16.96,23,80.72406111,19.697
16.97,22.99,80.77895278,19.761
16.98,23,80.83355556,19.657
16.99,22.99,80.88758611,19.451
17,22.99,80.94126944,19.326
17.01,22.99,80.994875,19.298
17.02,22.99,81.04878056,19.406
17.03,22.97,81.10251389,19.344
17.04,22.99,81.15599167,19.252
17.05,22.98,81.2094,19.227
17.06,22.98,81.26298611,19.291
17.07,22.98,81.31668889,19.333
17.08,22.98,81.37046667,19.36
17.09,22.99,81.42438611,19.411
17.1,22.99,81.47801944,19.308
17.11,22.99,81.53166111,19.311
17.12,23,81.5857,19.454
17.13,22.98,81.63994167,19.527
17.14,22.99,81.69418333,19.527
17.15,22.99,81.74845,19.536
17.16,23,81.80270278,19.531
17.17,22.99,81.85667222,19.429
17.18,22.96,81.91070556,19.452
17.19,22.96,81.96425833,19.279
17.2,22.97,82.01780833,19.278
17.21,22.97,82.07135,19.275
17.22,22.97,82.12478333,19.236
17.23,22.96,82.17788333,19.116
17.24,22.98,82.23115278,19.177
17.25,22.97,82.28493889,19.363
17.26,22.98,82.33915,19.516
17.27,22.99,82.39368056,19.631
17.28,22.99,82.44848889,19.731
17.29,22.99,82.50333889,19.746
17.3,22.99,82.55791944,19.649
17.31,22.97,82.612325,19.586
17.32,22.96,82.66658333,19.533
17.33,22.96,82.72060833,19.449
17.34,22.97,82.77439722,19.364
17.35,22.98,82.82783333,19.237
17.36,22.98,82.88083333,19.08
17.37,22.97,82.93361944,19.003
17.38,22.96,82.98610833,18.896
17.39,22.97,83.03871667,18.939
17.4,22.97,83.09175278,19.093
17.41,22.98,83.14521667,19.247
17.42,22.97,83.19895556,19.346
17.43,22.96,83.25251389,19.281
17.44,22.95,83.30607222,19.281
17.45,22.96,83.359675,19.297
17.46,22.96,83.41327222,19.295
17.47,22.96,83.46689167,19.303
17.48,22.96,83.52051944,19.306
17.49,22.97,83.57451667,19.439
17.5,22.96,83.62860833,19.473
17.51,22.94,83.68250833,19.404
17.52,22.95,83.73632222,19.373
17.53,22.95,83.79004444,19.34
17.54,22.96,83.84405278,19.443
17.55,22.95,83.898025,19.43
17.56,22.95,83.95181667,19.365
17.57,22.97,84.00574722,19.415
17.58,22.93,84.05964167,19.402
17.59,22.93,84.11373611,19.474
17.6,22.93,84.16800833,19.538
17.61,22.93,84.22243056,19.592
17.62,22.92,84.27679444,19.571
17.63,22.92,84.33095278,19.497
17.64,22.92,84.38493889,19.435
17.65,22.94,84.43866111,19.34
17.66,22.95,84.49175833,19.115
17.67,22.93,84.54451944,18.994
17.68,22.93,84.59711389,18.934
17.69,22.92,84.64980833,18.97
17.7,22.94,84.70280278,19.078
17.71,22.96,84.75606389,19.174
17.72,22.95,84.80926667,19.153
17.73,22.94,84.86268056,19.229
17.74,22.93,84.91648056,19.368
17.75,22.92,84.97070556,19.521
17.76,22.94,85.02489167,19.507
17.77,22.94,85.07889444,19.441
17.78,22.92,85.13306667,19.502
17.79,22.91,85.18694167,19.395
17.8,22.93,85.24090278,19.426
17.81,22.98,85.29482222,19.411
17.82,22.98,85.34861944,19.367
17.83,22.99,85.40216111,19.275
17.84,22.98,85.45575556,19.294
17.85,22.96,85.50928333,19.27
17.86,22.96,85.56296944,19.327
17.87,22.97,85.61702778,19.461
17.88,22.97,85.67102778,19.44
17.89,22.97,85.72483889,19.372
17.9,22.96,85.77843333,19.294
17.91,22.96,85.83179722,19.211
17.92,22.96,85.88502222,19.161
17.93,22.94,85.9383,19.18
17.94,22.95,85.99150833,19.155
17.95,22.96,86.04443889,19.055
17.96,22.95,86.09742778,19.076
17.97,22.96,86.15089444,19.248
17.98,22.95,86.20454722,19.315
17.99,22.96,86.25770833,19.138
18,22.97,86.31089167,19.146
18.01,22.97,86.36389167,19.08
18.02,22.97,86.41681389,19.052
18.03,22.96,86.46971944,19.046
18.04,22.94,86.522325,18.938
18.05,22.96,86.574475,18.774
18.06,22.96,86.62630278,18.658
18.07,22.93,86.67806389,18.634
18.08,22.92,86.72974167,18.604
18.09,22.9,86.78148056,18.626
18.1,22.95,86.83392222,18.879
18.11,22.95,86.88666111,18.986
18.12,22.97,86.939375,18.977
18.13,22.91,86.99260556,19.163
18.14,22.93,87.04542778,19.016
18.15,22.94,87.09826667,19.022
18.16,22.94,87.15149167,19.161
18.17,22.91,87.20455833,19.104
18.18,22.92,87.25741389,19.028
18.19,22.94,87.31024444,19.019
18.2,22.93,87.36365,19.226
18.21,22.93,87.41779167,19.491
18.22,22.94,87.47249722,19.694
18.23,22.95,87.52726944,19.718
18.24,22.94,87.58168611,19.59
18.25,22.93,87.63585,19.499
18.26,22.95,87.68968056,19.379
18.27,22.93,87.74321111,19.271
18.28,22.96,87.79669167,19.253
18.29,22.97,87.85077778,19.471
18.3,22.96,87.90546944,19.689
18.31,22.94,87.96023611,19.716
18.32,22.93,88.0147,19.607
18.33,22.91,88.06844167,19.347
18.34,22.93,88.12257222,19.487
18.35,22.94,88.17708333,19.624
18.36,22.93,88.23160556,19.628
18.37,22.93,88.28556944,19.427
18.38,22.93,88.339125,19.28
18.39,22.94,88.39218611,19.102
18.4,22.95,88.444775,18.932
18.41,22.94,88.49696111,18.787
18.42,22.93,88.54876111,18.648
18.43,22.92,88.60057222,18.652
18.44,22.92,88.65281111,18.806
18.45,22.94,88.705625,19.013
18.46,22.93,88.75886944,19.168
18.47,22.93,88.81205833,19.148
18.48,22.94,88.86499722,19.058
18.49,22.94,88.9177,18.973
18.5,22.93,88.97001389,18.833
18.51,22.92,89.02204722,18.732
18.52,22.92,89.07425556,18.795
18.53,22.92,89.12643611,18.785
18.54,22.93,89.179175,18.986
18.55,22.92,89.23208056,19.046
18.56,22.92,89.28485,18.997
18.57,22.93,89.33763333,19.002
18.58,22.92,89.39078056,19.133
18.59,22.91,89.44385,19.105
18.6,22.9,89.49667778,19.018
18.61,22.89,89.54915,18.89
18.62,22.89,89.60117778,18.73
18.63,22.89,89.65298333,18.65
18.64,22.9,89.70494167,18.705
18.65,22.89,89.75684444,18.685
18.66,22.9,89.80864167,18.647
18.67,22.91,89.86063056,18.716
18.68,22.92,89.91303333,18.865
18.69,22.92,89.96574167,18.975
18.7,22.9,90.01851667,18.999
18.71,22.89,90.07115,18.948
18.72,22.88,90.12373611,18.931
18.73,22.89,90.17655,19.013
18.74,22.89,90.22965833,19.119
18.75,22.9,90.28286667,19.155
18.76,22.91,90.336075,19.155
18.77,22.92,90.38953333,19.245
18.78,22.92,90.44314722,19.301
18.79,22.89,90.49665556,19.263
18.8,22.86,90.54976944,19.121
18.81,22.87,90.60282222,19.099
18.82,22.87,90.65593056,19.119
18.83,22.88,90.70909444,19.139
18.84,22.88,90.76222222,19.126
18.85,22.87,90.81571111,19.256
18.86,22.89,90.86953333,19.376
18.87,22.87,90.92333333,19.368
18.88,22.87,90.97689444,19.282
18.89,22.85,91.030225,19.199
18.9,22.85,91.08314167,19.05
18.91,22.86,91.13581111,18.961
18.92,22.88,91.18835833,18.917
18.93,22.88,91.24074722,18.86
18.94,22.88,91.2933,18.919
18.95,22.88,91.34598889,18.968
18.96,22.88,91.39911667,19.126
18.97,22.86,91.45225833,19.131
18.98,22.84,91.50548333,19.161
18.99,22.85,91.55831667,19.02
19,22.87,91.611075,18.993
19.01,22.87,91.66363611,18.922
19.02,22.88,91.71603889,18.865
19.03,22.86,91.76808333,18.736
19.04,22.85,91.82013889,18.74
19.05,22.87,91.87204167,18.685
19.06,22.86,91.92410278,18.742
19.07,22.86,91.97610556,18.721
19.08,22.86,92.02802222,18.69
19.09,22.83,92.07980833,18.643
19.1,22.83,92.13124722,18.518
19.11,22.84,92.18269444,18.521
19.12,22.84,92.23458333,18.68
19.13,22.86,92.28634444,18.634
19.14,22.85,92.33768889,18.484
19.15,22.85,92.38915556,18.528
19.16,22.85,92.44062222,18.528
19.17,22.84,92.49177778,18.416
19.18,22.86,92.54311667,18.482
19.19,22.84,92.59500278,18.679
19.2,22.86,92.64663333,18.587
19.21,22.82,92.69813056,18.539
19.22,22.82,92.74958333,18.523
19.23,22.82,92.8012,18.582
19.24,22.82,92.85308056,18.677
19.25,22.83,92.90487222,18.645
19.26,22.81,92.956775,18.685
19.27,22.85,93.00916944,18.862
19.28,22.86,93.06157778,18.867
19.29,22.85,93.11428611,18.975
19.3,22.83,93.16705278,18.996
19.31,22.82,93.21983889,19.003
19.32,22.85,93.27250833,18.961
19.33,22.85,93.32525,18.987
19.34,22.85,93.37826944,19.087
19.35,22.82,93.431525,19.172
19.36,22.81,93.48484444,19.195
19.37,22.83,93.53837222,19.27
19.38,22.84,93.59177222,19.224
19.39,22.83,93.64484167,19.105
19.4,22.83,93.69768333,19.023
19.41,22.82,93.75035833,18.963
19.42,22.8,93.80236667,18.723
19.43,22.82,93.85415556,18.644
19.44,22.81,93.90595833,18.649
19.45,22.82,93.95792778,18.709
19.46,22.82,94.00984167,18.689
19.47,22.81,94.06150833,18.6
19.48,22.8,94.11314444,18.589
19.49,22.8,94.1647,18.56
19.5,22.81,94.21631111,18.58
19.51,22.82,94.26797778,18.6
19.52,22.79,94.31992222,18.7
19.53,22.81,94.37202222,18.756
19.54,22.79,94.4241,18.748
19.55,22.82,94.4765,18.864
19.56,22.81,94.52914167,18.951
19.57,22.82,94.58224444,19.117
19.58,22.8,94.63536389,19.123
19.59,22.8,94.68836667,19.081
19.6,22.81,94.74145833,19.113
19.61,22.8,94.79411944,18.958
19.62,22.8,94.84651944,18.864
19.63,22.81,94.89921667,18.971
19.64,22.81,94.95215278,19.057
19.65,22.83,95.00523056,19.108
19.66,22.82,95.05839722,19.14
19.67,22.8,95.11097222,18.927
19.68,22.8,95.16306389,18.753
19.69,22.8,95.2151,18.733
19.7,22.8,95.26681111,18.616
19.71,22.79,95.31833889,18.55
19.72,22.78,95.37000278,18.599
19.73,22.79,95.42151667,18.545
19.74,22.8,95.47310833,18.573
19.75,22.79,95.52474444,18.589
19.76,22.78,95.57646111,18.618
19.77,22.77,95.62818611,18.621
19.78,22.8,95.68001667,18.659
19.79,22.78,95.73175833,18.627
19.8,22.77,95.78344722,18.608
19.81,22.83,95.83531667,18.673
19.82,22.81,95.88763056,18.833
19.83,22.83,95.94009444,18.887
19.84,22.83,95.9926,18.902
19.85,22.79,96.04456667,18.708
19.86,22.81,96.09659167,18.729
19.87,22.81,96.14871667,18.765
19.88,22.81,96.201,18.822
19.89,22.78,96.25338611,18.859
19.9,22.78,96.30570833,18.836
19.91,22.79,96.35777778,18.745
19.92,22.79,96.40930833,18.551
19.93,22.83,96.46081944,18.544
19.94,22.8,96.51223333,18.509
19.95,22.81,96.56371667,18.534
19.96,22.82,96.61511667,18.504
19.97,22.84,96.66576111,18.232
19.98,22.85,96.71599444,18.084
19.99,22.83,96.76643611,18.159
20,22.8,96.81682222,18.139
20.01,22.79,96.86718056,18.129
20.02,22.78,96.91827778,18.395
20.03,22.82,96.97011667,18.662
20.04,22.82,97.02254167,18.873
20.05,22.78,97.07515833,18.942
20.06,22.8,97.12824444,19.111
20.07,22.81,97.18175833,19.265
20.08,22.8,97.23496667,19.155
20.09,22.8,97.28756667,18.936
20.1,22.81,97.33981667,18.81
20.11,22.81,97.39220556,18.86
20.12,22.81,97.44485556,18.954
20.13,22.83,97.49781389,19.065
20.14,22.84,97.55123889,19.233
20.15,22.8,97.60476389,19.269
20.16,22.78,97.65772222,19.065
20.17,22.78,97.7095,18.64
20.18,22.81,97.76116389,18.599
20.19,22.81,97.81256944,18.506
20.2,22.8,97.86374722,18.424
20.21,22.79,97.915375,18.586
20.22,22.76,97.96702222,18.593
20.23,22.77,98.01851111,18.536
20.24,22.81,98.06963889,18.406
20.25,22.8,98.12051944,18.317
20.26,22.79,98.17139167,18.314
20.27,22.79,98.22265556,18.455
20.28,22.78,98.27401389,18.489
20.29,22.79,98.32523056,18.438
20.3,22.8,98.37605833,18.298
20.31,22.81,98.42660833,18.198
20.32,22.8,98.47696944,18.13
20.33,22.8,98.52739722,18.154
20.34,22.79,98.57800278,18.218
20.35,22.79,98.62919444,18.429
20.36,22.81,98.68065833,18.527
20.37,22.81,98.73244444,18.643
20.38,22.78,98.78423611,18.645
20.39,22.77,98.83589444,18.597
20.4,22.79,98.88763889,18.628
20.41,22.78,98.93901944,18.497
20.42,22.77,98.99038056,18.49
20.43,22.79,99.04199722,18.582
20.44,22.78,99.09363611,18.59
20.45,22.77,99.14553056,18.682
20.46,22.78,99.19771389,18.786
20.47,22.78,99.25003611,18.836
20.48,22.76,99.30223611,18.792
20.49,22.76,99.354125,18.68
20.5,22.79,99.40635833,18.804
20.51,22.8,99.45924167,19.038
20.52,22.78,99.51239167,19.134
20.53,22.8,99.56561389,19.16
20.54,22.79,99.61863889,19.089
20.55,22.79,99.67147222,19.02
20.56,22.78,99.72373611,18.815
20.57,22.77,99.77554167,18.65
20.58,22.76,99.82695278,18.508
20.59,22.77,99.87817778,18.441
20.6,22.78,99.92937222,18.43
20.61,22.78,99.98051111,18.41
20.62,22.77,100.0318528,18.483
20.63,22.77,100.0833917,18.554
20.64,22.78,100.1350944,18.613
20.65,22.8,100.1872972,18.793
20.66,22.81,100.2398056,18.903
20.67,22.77,100.2921361,18.839
20.68,22.76,100.3442861,18.774
20.69,22.76,100.3962028,18.69
20.7,22.77,100.4479167,18.617
20.71,22.77,100.4994556,18.554
20.72,22.76,100.5513139,18.669
20.73,22.75,100.6030917,18.64
20.74,22.77,100.6551278,18.733
20.75,22.77,100.7074,18.818
20.76,22.76,100.7595722,18.782
20.77,22.75,100.8117694,18.791
20.78,22.76,100.8640889,18.835
20.79,22.75,100.9162417,18.775
20.8,22.76,100.9692333,19.077
20.81,22.77,101.0216444,18.868
20.82,22.74,101.0739167,18.818
20.83,22.73,101.1264083,18.897
20.84,22.73,101.1792167,19.011
20.85,22.76,101.2317944,18.928
20.86,22.77,101.2843444,18.918
20.87,22.78,101.3371278,19.002
20.88,22.77,101.3899444,19.014
20.89,22.77,101.442675,18.983
20.9,22.76,101.4954361,18.994
20.91,22.76,101.5481861,18.99
20.92,22.75,101.6009056,18.979
20.93,22.75,101.6536639,18.993
20.94,22.74,101.7065333,19.033
20.95,22.74,101.7595889,19.1
20.96,22.76,101.8127556,19.14
20.97,22.78,101.8656806,19.053
20.98,22.74,101.9181417,18.886
20.99,22.72,101.9702861,18.772
21,22.74,102.0225361,18.81
21.01,22.74,102.0747389,18.793
21.02,22.73,102.126875,18.769
21.03,22.73,102.1792639,18.86
21.04,22.71,102.2313028,18.734
21.05,22.75,102.2834889,18.787
21.06,22.73,102.3357861,18.827
21.07,22.76,102.3880278,18.807
21.08,22.72,102.4398889,18.67
21.09,22.72,102.4914278,18.554
21.1,22.72,102.5426056,18.424
21.11,22.72,102.5936528,18.377
21.12,22.74,102.6446306,18.352
21.13,22.77,102.6960639,18.516
21.14,22.76,102.7474056,18.483
21.15,22.75,102.7987861,18.497
21.16,22.74,102.85,18.437
21.17,22.74,102.9012611,18.454
21.18,22.73,102.9527889,18.55
21.19,22.72,103.0046139,18.657
21.2,22.72,103.0565333,18.691
21.21,22.73,103.1083944,18.67
21.22,22.73,103.1600778,18.606
21.23,22.73,103.2117639,18.607
21.24,22.72,103.2635556,18.645
21.25,22.71,103.31565,18.754
21.26,22.72,103.3678417,18.789
21.27,22.74,103.4206194,19
21.28,22.74,103.4738472,19.162
21.29,22.72,103.5272167,19.213
21.3,22.73,103.5807417,19.269
21.31,22.73,103.6342528,19.264
21.32,22.73,103.6878306,19.288
21.33,22.71,103.7411639,19.2
21.34,22.7,103.7946917,19.27
21.35,22.7,103.8483139,19.304
21.36,22.71,103.9021972,19.398
21.37,22.72,103.9564833,19.543
21.38,22.72,104.0110056,19.628
21.39,22.72,104.0658333,19.738
21.4,22.72,104.1204639,19.667
21.41,22.72,104.1750278,19.643
21.42,22.69,104.229175,19.493
21.43,22.68,104.2833639,19.508
21.44,22.68,104.3374556,19.473
21.45,22.69,104.3913694,19.409
21.46,22.7,104.4451861,19.374
21.47,22.7,104.4987083,19.268
21.48,22.71,104.5523306,19.304
21.49,22.67,104.6057111,19.217
21.5,22.68,104.6588361,19.125
21.51,22.69,104.7121972,19.21
21.52,22.7,104.7657528,19.28
21.53,22.7,104.8194778,19.341
21.54,22.69,104.8729778,19.26
21.55,22.69,104.9261611,19.146
21.56,22.68,104.9793333,19.142
21.57,22.69,105.0328222,19.256
21.58,22.68,105.0866694,19.385
21.59,22.68,105.1406944,19.449
21.6,22.68,105.1949333,19.526
21.61,22.7,105.249375,19.599
21.62,22.69,105.3035,19.485
21.63,22.7,105.3571194,19.303
21.64,22.69,105.4100361,19.05
21.65,22.68,105.4627028,18.96
21.66,22.67,105.5150278,18.837
21.67,22.68,105.567125,18.755
21.68,22.69,105.6192222,18.755
21.69,22.69,105.6717861,18.923
21.7,22.69,105.7245056,18.979
21.71,22.68,105.7768944,18.86
21.72,22.69,105.8291972,18.829
21.73,22.69,105.8811944,18.719
21.74,22.7,105.9334111,18.798
21.75,22.69,105.9854833,18.746
21.76,22.69,106.0375167,18.732
21.77,22.71,106.0896833,18.78
21.78,22.71,106.1416167,18.696
21.79,22.69,106.1927917,18.423
21.8,22.69,106.2437111,18.331
21.81,22.72,106.294425,18.257
21.82,22.69,106.3452111,18.283
21.83,22.69,106.3963028,18.393
21.84,22.67,106.4477639,18.526
21.85,22.68,106.4993806,18.582
21.86,22.68,106.5510778,18.611
21.87,22.69,106.6030611,18.714
21.88,22.7,106.655,18.698
21.89,22.7,106.7068194,18.655
21.9,22.7,106.7585,18.605
21.91,22.68,106.8103611,18.67
21.92,22.69,106.862525,18.779
21.93,22.71,106.9146722,18.773
21.94,22.71,106.9666611,18.716
21.95,22.71,107.0184333,18.638
21.96,22.72,107.0702667,18.66
21.97,22.68,107.1217333,18.528
21.98,22.68,107.1735,18.636
21.99,22.68,107.2257,18.792
22,22.69,107.2780028,18.829
22.01,22.69,107.3306611,18.957
22.02,22.7,107.3835917,19.055
22.03,22.69,107.4366583,19.104
22.04,22.69,107.4900194,19.21
22.05,22.69,107.5429861,19.068
22.06,22.69,107.5960861,19.116
22.07,22.7,107.6495417,19.244
22.08,22.69,107.7031861,19.312
22.09,22.69,107.7567389,19.279
22.1,22.7,107.8104556,19.338
22.11,22.71,107.8644139,19.425
22.12,22.71,107.9188611,19.601
22.13,22.69,107.9729333,19.466
22.14,22.7,108.0264972,19.283
22.15,22.71,108.0808111,19.553
22.16,22.71,108.1354083,19.655
22.17,22.7,108.1904333,19.809
22.18,22.71,108.2450361,19.657
22.19,22.7,108.2992194,19.506
22.2,22.7,108.3531806,19.426
22.21,22.71,108.4066722,19.257
22.22,22.71,108.4594111,18.986
22.23,22.71,108.5118167,18.866
22.24,22.71,108.5641778,18.85
22.25,22.7,108.616775,18.935
22.26,22.69,108.6697167,19.059
22.27,22.71,108.7222528,18.913
22.28,22.7,108.7745556,18.829
22.29,22.7,108.8267222,18.78
22.3,22.69,108.8789083,18.787
22.31,22.7,108.9314417,18.912
22.32,22.7,108.9839417,18.9
22.33,22.72,109.0364139,18.89
22.34,22.71,109.0884028,18.716
22.35,22.71,109.1398778,18.531
22.36,22.71,109.1910278,18.414
22.37,22.7,109.24255,18.548
22.38,22.71,109.2942194,18.601
22.39,22.71,109.3458306,18.58
22.4,22.7,109.3976167,18.643
22.41,22.71,109.4498278,18.796
22.42,22.7,109.5024361,18.939
22.43,22.7,109.5549528,18.906
22.44,22.7,109.6075528,18.936
22.45,22.7,109.6598944,18.843
22.46,22.72,109.7124167,18.908
22.47,22.71,109.7649278,18.904
22.48,22.7,109.8170306,18.757
22.49,22.7,109.8686111,18.569
22.5,22.7,109.9197361,18.405
22.51,22.7,109.9705028,18.276
22.52,22.69,110.0210139,18.184
22.53,22.69,110.071725,18.256
22.54,22.69,110.122625,18.324
22.55,22.7,110.173725,18.396
22.56,22.72,110.2252861,18.562
22.57,22.71,110.2768278,18.555
22.58,22.71,110.3282972,18.529
22.59,22.73,110.3801167,18.655
22.6,22.71,110.431825,18.615
22.61,22.68,110.4832056,18.497
22.62,22.71,110.5346694,18.527
22.63,22.71,110.5859722,18.469
22.64,22.7,110.6373694,18.503
22.65,22.7,110.6889972,18.586
22.66,22.7,110.7410194,18.728
22.67,22.7,110.79295,18.695
22.68,22.69,110.8441528,18.433
22.69,22.69,110.8948556,18.253
22.7,22.71,110.9456167,18.274
22.71,22.72,110.9961306,18.185
22.72,22.71,111.0484417,18.832
22.73,22.7,111.1005278,18.751
22.74,22.71,111.1527722,18.808
22.75,22.72,111.2052444,18.89
22.76,22.71,111.2572444,18.72
22.77,22.72,111.3088611,18.582
22.78,22.72,111.3601722,18.472
22.79,22.72,111.4113472,18.423
22.8,22.71,111.4625139,18.42
22.81,22.73,111.5133194,18.29
22.82,22.73,111.5638667,18.197
22.83,22.73,111.6143972,18.191
22.84,22.72,111.665,18.217
22.85,22.73,111.7155944,18.214
22.86,22.75,111.7665472,18.343
22.87,22.74,111.8170111,18.167
22.88,22.74,111.8670556,18.016
22.89,22.73,111.9170778,18.008
22.9,22.73,111.9664222,17.764
22.91,22.72,112.0155694,17.693
22.92,22.74,112.0650444,17.811
22.93,22.77,112.114825,17.921
22.94,22.73,112.1645667,17.907
22.95,22.73,112.2142389,17.882
22.96,22.76,112.2643444,18.038
22.97,22.74,112.3147444,18.144
22.98,22.71,112.36535,18.218
22.99,22.7,112.4159417,18.213
23,22.72,112.4664,18.165
23.01,22.74,112.5168,18.144
23.02,22.72,112.5668389,18.014
23.03,22.72,112.6164444,17.858
23.04,22.73,112.6658222,17.776
23.05,22.74,112.7157472,17.973
23.06,22.75,112.7660083,18.094
23.07,22.77,112.8163222,18.113
23.08,22.74,112.8663972,18.027
23.09,22.72,112.9161278,17.903
23.1,22.73,112.9654722,17.764
23.11,22.72,113.0147639,17.745
23.12,22.74,113.0643694,17.858
23.13,22.75,113.11405,17.885
23.14,22.74,113.1638417,17.925
23.15,22.75,113.2137028,17.95
23.16,22.71,113.2633944,17.889
23.17,22.73,113.3128889,17.818
23.18,22.75,113.3621028,17.717
23.19,22.75,113.4113389,17.725
23.2,22.75,113.4607889,17.802
23.21,22.74,113.5103056,17.826
23.22,22.74,113.5598944,17.852
23.23,22.73,113.6094556,17.842
23.24,22.74,113.6592694,17.933
23.25,22.73,113.7091806,17.968
23.26,22.73,113.7590472,17.952
23.27,22.73,113.809375,18.118
23.28,22.74,113.8597556,18.137
23.29,22.76,113.9101306,18.135
23.3,22.75,113.9608889,18.273
23.31,22.76,114.0116167,18.262
23.32,22.76,114.0621556,18.194
23.33,22.75,114.1127056,18.198
23.34,22.73,114.1629417,18.085
23.35,22.71,114.2134889,18.197
23.36,22.73,114.2641278,18.23
23.37,22.74,114.31475,18.224
23.38,22.76,114.3651389,18.14
23.39,22.76,114.4149667,17.938
23.4,22.76,114.4646056,17.87
23.41,22.75,114.5139028,17.747
23.42,22.75,114.5628611,17.625
23.43,22.75,114.6115833,17.54
23.44,22.74,114.6599167,17.4
23.45,22.73,114.7078056,17.24
23.46,22.76,114.756,17.35
23.47,22.75,114.8042111,17.356
23.48,22.73,114.8523861,17.343
23.49,22.76,114.9007389,17.407
23.5,22.74,114.9487306,17.277
23.51,22.72,114.9964611,17.183
23.52,22.73,115.0446667,17.354
23.53,22.73,115.0936889,17.648
23.54,22.76,115.1427667,17.668
23.55,22.77,115.1920667,17.748
23.56,22.77,115.2416,17.832
23.57,22.76,115.2910694,17.809
23.58,22.74,115.3403306,17.734
23.59,22.74,115.3894194,17.672
23.6,22.73,115.4385778,17.697
23.61,22.75,115.4880694,17.817
23.62,22.75,115.5375083,17.798
23.63,22.74,115.58655,17.655
23.64,22.75,115.6353028,17.551
23.65,22.75,115.6837194,17.43
23.66,22.73,115.7318528,17.328
23.67,22.74,115.7799361,17.31
23.68,22.74,115.8278833,17.261
23.69,22.73,115.8757444,17.23
23.7,22.76,115.9236194,17.235
23.71,22.75,115.9717972,17.344
23.72,22.77,116.0203722,17.487
23.73,22.76,116.0691917,17.575
23.74,22.75,116.1179417,17.55
23.75,22.75,116.1663667,17.433
23.76,22.73,116.2146611,17.386
23.77,22.75,116.2628889,17.362
23.78,22.75,116.3110417,17.335
23.79,22.75,116.3592361,17.35
23.8,22.76,116.4074167,17.345
23.81,22.77,116.4561472,17.543
23.82,22.77,116.5044056,17.373
23.83,22.78,116.5524806,17.307
23.84,22.77,116.6006306,17.334
23.85,22.75,116.6480722,17.079
23.86,22.73,116.6949333,16.87
23.87,22.74,116.7415222,16.772
23.88,22.76,116.7876889,16.62
23.89,22.75,116.8350889,17.064
23.9,22.74,116.8826417,17.119
23.91,22.74,116.9304306,17.204
23.92,22.77,116.9783278,17.243
23.93,22.77,117.0259917,17.159
23.94,22.78,117.0733333,17.043
23.95,22.77,117.120925,17.133
23.96,22.76,117.1688917,17.268
23.97,22.76,117.2170028,17.32
23.98,22.75,117.26525,17.369
23.99,22.75,117.3128667,17.142
24,22.79,117.3598972,16.931
24.01,22.78,117.4068139,16.89
24.02,22.76,117.45385,16.933
24.03,22.76,117.5006889,16.862
24.04,22.81,117.5475917,16.885
24.05,22.78,117.5947222,16.967
24.06,22.75,117.6419444,17
24.07,22.75,117.6889278,16.914
24.08,22.75,117.735625,16.811
24.09,22.73,117.7816417,16.566
24.1,22.75,117.8276111,16.549
24.11,22.76,117.8738139,16.633
24.12,22.78,117.9201778,16.691
24.13,22.77,117.96675,16.766
24.14,22.77,118.0137083,16.905
24.15,22.78,118.0609472,17.006
24.16,22.78,118.1079611,16.925
24.17,22.79,118.1553833,17.072
24.18,22.75,118.2030611,17.164
24.19,22.75,118.2501306,16.945
24.2,22.76,118.2971306,16.92
24.21,22.78,118.3440778,16.901
24.22,22.76,118.3908889,16.852
24.23,22.78,118.4376667,16.84
24.24,22.76,118.4842889,16.784
24.25,22.79,118.5310639,16.839
24.26,22.78,118.5775278,16.727
24.27,22.78,118.6237083,16.625
24.28,22.78,118.669375,16.44
24.29,22.78,118.7149194,16.396
24.3,22.76,118.7604139,16.378
24.31,22.75,118.8052583,16.144
24.32,22.76,118.8496917,15.996
24.33,22.78,118.8941861,16.018
24.34,22.79,118.9387556,16.045
24.35,22.79,118.9836917,16.177
24.36,22.77,119.0290167,16.317
24.37,22.77,119.0750694,16.579
24.38,22.79,119.1208917,16.496
24.39,22.79,119.1666611,16.477
24.4,22.79,119.2124361,16.479
24.41,22.8,119.258525,16.592
24.42,22.79,119.3044333,16.527
24.43,22.78,119.3501278,16.45
24.44,22.78,119.3960306,16.525
24.45,22.77,119.4427917,16.834
24.46,22.78,119.490025,17.004
24.47,22.77,119.537575,17.118
24.48,22.78,119.5848639,17.024
24.49,22.77,119.6319417,16.948
24.5,22.77,119.6788861,16.9
24.51,22.76,119.7256722,16.843
24.52,22.77,119.7722111,16.754
24.53,22.78,119.8186,16.7
24.54,22.78,119.8649472,16.685
24.55,22.77,119.9110056,16.581
24.56,22.78,119.9565389,16.392
24.57,22.78,120.0014417,16.165
24.58,22.78,120.0457861,15.964
24.59,22.78,120.090125,15.962
24.6,22.78,120.1344639,15.962
24.61,22.8,120.1787028,15.926
24.62,22.79,120.2232194,16.026
24.63,22.8,120.26825,16.211
24.64,22.79,120.3139694,16.459
24.65,22.78,120.3596667,16.451
24.66,22.8,120.4050667,16.344
24.67,22.78,120.4501833,16.242
24.68,22.79,120.4954222,16.286
24.69,22.79,120.54085,16.354
24.7,22.78,120.5861278,16.3
24.71,22.79,120.6313333,16.274
24.72,22.77,120.6766833,16.326
24.73,22.78,120.7220694,16.339
24.74,22.8,120.7672889,16.279
24.75,22.79,120.8118722,16.05
24.76,22.78,120.8558889,15.846
24.77,22.79,120.8997667,15.796
24.78,22.8,120.9431972,15.635
24.79,22.79,120.9860972,15.444
24.8,22.8,121.0287056,15.339
24.81,22.79,121.0711167,15.268
24.82,22.81,121.1133472,15.203
24.83,22.8,121.1555389,15.189
24.84,22.78,121.1978611,15.236
24.85,22.78,121.2398861,15.129
24.86,22.8,121.2817528,15.072
24.87,22.78,121.3234056,14.995
24.88,22.81,121.3650972,15.009
24.89,22.79,121.4066167,14.947
24.9,22.79,121.4483056,15.008
24.91,22.79,121.4898528,14.957
24.92,22.79,121.5312417,14.9
24.93,22.77,121.5728028,14.962
24.94,22.77,121.6144111,14.979
24.95,22.77,121.6565972,15.187
24.96,22.77,121.698575,15.112
24.97,22.78,121.7411722,15.335
24.98,22.78,121.7832667,15.154
24.99,22.79,121.8248722,14.978
25,22.82,121.8666972,15.057
25.01,22.81,121.9079972,14.868
25.02,22.79,121.9490333,14.773
25.03,22.8,121.9896278,14.614
25.04,22.81,122.0297806,14.455
25.05,22.82,122.0699028,14.444
25.06,22.81,122.1094333,14.231
25.07,22.81,122.1486222,14.108
25.08,22.81,122.1878167,14.11
25.09,22.81,122.2271528,14.161
25.1,22.8,122.2665917,14.198
25.11,22.8,122.3052861,13.93
25.12,22.8,122.3434667,13.745
25.13,22.81,122.3815722,13.718
25.14,22.81,122.419825,13.771
25.15,22.8,122.4581167,13.785
25.16,22.8,122.4965278,13.828
25.17,22.79,122.5348444,13.794
25.18,22.8,122.5731722,13.798
25.19,22.79,122.6113556,13.746
25.2,22.79,122.6492278,13.634
25.21,22.79,122.6871722,13.66
25.22,22.81,122.725325,13.735
25.23,22.8,122.7636222,13.787
25.24,22.8,122.8021528,13.871
25.25,22.79,122.8408778,13.941
25.26,22.81,122.8796139,13.945
25.27,22.81,122.9182861,13.922
25.28,22.83,122.9572472,14.026
25.29,22.81,122.9964111,14.099
25.3,22.77,123.0352694,13.989
25.31,22.78,123.0740583,13.964
25.32,22.77,123.1126083,13.878
25.33,22.8,123.15085,13.767
25.34,22.79,123.1889556,13.718
25.35,22.79,123.2263222,13.452
25.36,22.8,123.2632778,13.304
25.37,22.81,123.3005278,13.41
25.38,22.83,123.3379972,13.489
25.39,22.8,123.3756611,13.559
25.4,22.79,123.4132861,13.545
25.41,22.8,123.4509778,13.569
25.42,22.81,123.4889361,13.665
25.43,22.78,123.5270389,13.717
25.44,22.78,123.5649056,13.632
25.45,22.79,123.6032722,13.812
25.46,22.8,123.6425,14.122
25.47,22.79,123.6818611,14.17
25.48,22.78,123.7211889,14.158
25.49,22.79,123.7604028,14.117
25.5,22.8,123.7993639,14.026
25.51,22.79,123.8384278,14.063
25.52,22.8,123.8774361,14.043
25.53,22.8,123.9164917,14.06
25.54,22.8,123.9556278,14.089
25.55,22.79,123.9944583,13.979
25.56,22.79,124.0328583,13.824
25.57,22.79,124.0705667,13.575
25.58,22.76,124.1077056,13.37
25.59,22.77,124.1446083,13.285
25.6,22.78,124.1812694,13.198
25.61,22.78,124.2175472,13.06
25.62,22.78,124.2541333,13.171
25.63,22.78,124.2908028,13.201
25.64,22.78,124.3273472,13.156
25.65,22.8,124.3640889,13.227
25.66,22.77,124.4006917,13.177
25.67,22.78,124.4372694,13.168
25.68,22.79,124.4741778,13.287
25.69,22.8,124.511425,13.409
25.7,22.78,124.5487361,13.432
25.71,22.78,124.5860306,13.426
25.72,22.79,124.62345,13.471
25.73,22.8,124.6609806,13.511
25.74,22.79,124.6984694,13.496
25.75,22.78,124.7359306,13.486
25.76,22.77,124.7735611,13.547
25.77,22.77,124.8111444,13.53
25.78,22.78,124.8483056,13.378
25.79,22.76,124.8846972,13.101
25.8,22.77,124.9210611,13.091
25.81,22.77,124.9576528,13.173
25.82,22.77,124.9944056,13.231
25.83,22.77,125.0313417,13.297
25.84,22.77,125.0684694,13.366
25.85,22.76,125.1056556,13.387
25.86,22.76,125.1427556,13.356
25.87,22.8,125.1797194,13.307
25.88,22.79,125.2163361,13.182
25.89,22.79,125.2527278,13.101
25.9,22.78,125.2891167,13.1
25.91,22.78,125.3254972,13.097
25.92,22.79,125.3621278,13.187
25.93,22.75,125.3987139,13.171
25.94,22.76,125.4353361,13.184
25.95,22.76,125.4718556,13.147
25.96,22.77,125.5083139,13.125
25.97,22.76,125.5447694,13.124
25.98,22.75,125.5809556,13.027
25.99,22.76,125.6168806,12.933
26,22.78,125.6530139,13.008
26.01,22.77,125.689425,13.108
26.02,22.79,125.72635,13.293
26.03,22.78,125.763375,13.329
26.04,22.78,125.80045,13.347
26.05,22.78,125.8372222,13.238
26.06,22.79,125.8738694,13.193
26.07,22.79,125.9104028,13.152
26.08,22.76,125.9464083,12.962
26.09,22.74,125.9815583,12.654
26.1,22.75,126.0166611,12.637
26.11,22.76,126.0516417,12.593
26.12,22.77,126.0867194,12.628
26.13,22.78,126.1220028,12.702
26.14,22.78,126.157875,12.914
26.15,22.78,126.1942806,13.106
26.16,22.79,126.2310694,13.244
26.17,22.78,126.2679917,13.292
26.18,22.78,126.3049222,13.295
26.19,22.78,126.3415444,13.184
26.2,22.77,126.3776944,13.014
26.21,22.78,126.4136833,12.956
26.22,22.77,126.4495417,12.909
26.23,22.76,126.4854222,12.917
26.24,22.74,126.5212306,12.891
26.25,22.76,126.5570306,12.888
26.26,22.77,126.5928139,12.882
26.27,22.74,126.6282694,12.764
26.28,22.74,126.6633861,12.642
26.29,22.72,126.6978972,12.424
26.3,22.76,126.7323194,12.392
26.31,22.77,126.7670861,12.516
26.32,22.77,126.8021639,12.628
26.33,22.76,126.8371583,12.598
26.34,22.77,126.8721278,12.589
26.35,22.77,126.9073944,12.696
26.36,22.78,126.9426639,12.697
26.37,22.77,126.9777417,12.628
26.38,22.76,127.0125583,12.534
26.39,22.76,127.0473167,12.513
26.4,22.75,127.0818861,12.445
26.41,22.77,127.1163667,12.413
26.42,22.78,127.1510056,12.47
26.43,22.78,127.1859361,12.575
26.44,22.76,127.2205639,12.466
26.45,22.77,127.2547417,12.304
26.46,22.77,127.2884667,12.141
26.47,22.76,127.3217389,11.978
26.48,22.77,127.3551722,12.036
26.49,22.78,127.3886417,12.049
26.5,22.78,127.4223917,12.15
26.51,22.77,127.4558833,12.057
26.52,22.76,127.488975,11.913
26.53,22.76,127.5221778,11.953
26.54,22.76,127.5552667,11.912
26.55,22.77,127.5883139,11.897
26.56,22.78,127.6216056,11.985
26.57,22.79,127.6554556,12.186
26.58,22.77,127.6893944,12.218
26.59,22.76,127.7229861,12.093
26.6,22.75,127.7559694,11.874
26.61,22.75,127.7885028,11.712
26.62,22.76,127.8205111,11.523
26.63,22.77,127.8524111,11.484
26.64,22.77,127.8843139,11.485
26.65,22.75,127.9161444,11.459
26.66,22.75,127.9478139,11.401
26.67,22.75,127.9793972,11.37
26.68,22.75,128.011025,11.386
26.69,22.76,128.0428,11.439
26.7,22.77,128.0748806,11.549
26.71,22.78,128.1074472,11.724
26.72,22.78,128.1402361,11.804
26.73,22.77,128.1727583,11.708
26.74,22.77,128.2051694,11.668
26.75,22.77,128.2374028,11.604
26.76,22.77,128.2696111,11.595
26.77,22.78,128.3017194,11.559
26.78,22.79,128.333675,11.504
26.79,22.79,128.3656167,11.499
26.8,22.8,128.3974167,11.448
26.81,22.76,128.4286806,11.255
26.82,22.77,128.4595278,11.105
26.83,22.76,128.4904083,11.117
26.84,22.77,128.5214833,11.187
26.85,22.78,128.5524,11.13
26.86,22.76,128.5827139,10.913
26.87,22.74,128.61255,10.741
26.88,22.76,128.642325,10.719
26.89,22.75,128.671825,10.62
26.9,22.76,128.7011389,10.553
26.91,22.77,128.7303083,10.501
26.92,22.77,128.7593833,10.467
26.93,22.77,128.7886528,10.537
26.94,22.77,128.81815,10.619
26.95,22.76,128.8475556,10.586
26.96,22.75,128.87705,10.618
26.97,22.76,128.9065917,10.635
26.98,22.76,128.9359444,10.567
26.99,22.77,128.9653194,10.575
27,22.76,128.994575,10.532
27.01,22.77,129.0238556,10.541
27.02,22.77,129.0533111,10.604
27.03,22.77,129.0830389,10.702
27.04,22.76,129.11295,10.768
27.05,22.75,129.1424944,10.636
27.06,22.76,129.1719667,10.61
27.07,22.76,129.2015917,10.665
27.08,22.77,129.2312889,10.691
27.09,22.77,129.260525,10.525
27.1,22.76,129.2889778,10.243
27.11,22.76,129.3168361,10.029
27.12,22.78,129.3444361,9.936
27.13,22.76,129.3714889,9.739
27.14,22.74,129.3979278,9.518
27.15,22.73,129.42425,9.476
27.16,22.74,129.450775,9.549
27.17,22.77,129.47785,9.747
27.18,22.78,129.5055361,9.967
27.19,22.77,129.5333667,10.019
27.2,22.75,129.5610667,9.972
27.21,22.77,129.5887972,9.983
27.22,22.77,129.6167278,10.055
27.23,22.76,129.6445278,10.008
27.24,22.77,129.6718556,9.838
27.25,22.77,129.6987056,9.666
27.26,22.76,129.7250917,9.499
27.27,22.77,129.7513472,9.452
27.28,22.77,129.7772944,9.341
27.29,22.75,129.8027972,9.181
27.3,22.75,129.8282528,9.164
27.31,22.74,129.8538778,9.225
27.32,22.73,129.8796944,9.294
27.33,22.75,129.9058167,9.404
27.34,22.75,129.9318028,9.355
27.35,22.74,129.9572389,9.157
27.36,22.75,129.9820639,8.937
27.37,22.74,130.0064139,8.766
27.38,22.73,130.0303111,8.603
27.39,22.75,130.0539861,8.523
27.4,22.75,130.0775139,8.47
27.41,22.76,130.1011639,8.514
27.42,22.74,130.1248472,8.526
27.43,22.75,130.148975,8.686
27.44,22.76,130.1736028,8.866
27.45,22.77,130.1986083,9.002
27.46,22.77,130.2238306,9.08
27.47,22.76,130.2492611,9.155
27.48,22.76,130.2747222,9.166
27.49,22.75,130.2996722,8.982
27.5,22.75,130.3241472,8.811
27.51,22.76,130.3482917,8.692
27.52,22.76,130.3719111,8.503
27.53,22.74,130.3947056,8.206
27.54,22.75,130.4167972,7.953
27.55,22.75,130.4386139,7.854
27.56,22.76,130.460375,7.834
27.57,22.75,130.4821083,7.824
27.58,22.75,130.5039083,7.848
27.59,22.76,130.5259667,7.941
27.6,22.78,130.5487944,8.218
27.61,22.77,130.5716917,8.243
27.62,22.77,130.59465,8.265
27.63,22.77,130.6176306,8.273
27.64,22.75,130.6401,8.089
27.65,22.74,130.6623611,8.014
27.66,22.74,130.6842972,7.897
27.67,22.76,130.7066139,8.034
27.68,22.75,130.7289611,8.045
27.69,22.74,130.7507361,7.839
27.7,22.76,130.772475,7.826
27.71,22.74,130.7941417,7.8
27.72,22.75,130.8158972,7.832
27.73,22.77,130.8378528,7.904
27.74,22.75,130.8596083,7.832
27.75,22.76,130.88115,7.755
27.76,22.76,130.9025056,7.688
27.77,22.75,130.9237222,7.638
27.78,22.75,130.9447306,7.563
27.79,22.77,130.9660778,7.685
27.8,22.76,130.9876472,7.765
27.81,22.79,131.0090167,7.693
27.82,22.79,131.0302111,7.63
27.83,22.78,131.0506556,7.36
27.84,22.77,131.0702389,7.05
27.85,22.78,131.08945,6.916
27.86,22.8,131.1087944,6.964
27.87,22.81,131.1285028,7.095
27.88,22.8,131.1484278,7.173
27.89,22.81,131.1684194,7.197
27.9,22.81,131.1885083,7.232
27.91,22.8,131.2082917,7.122
27.92,22.79,131.2277194,6.994
27.93,22.78,131.2466917,6.83
27.94,22.8,131.265475,6.762
27.95,22.79,131.2840583,6.69
27.96,22.79,131.3022556,6.551
27.97,22.8,131.320525,6.577
27.98,22.79,131.3390278,6.661
27.99,22.79,131.3575167,6.656
28,22.8,131.3762083,6.729
28.01,22.81,131.3948861,6.724
28.02,22.8,131.4135111,6.705
28.03,22.81,131.4324194,6.807
28.04,22.8,131.4513361,6.81
28.05,22.81,131.4707333,6.983
28.06,22.82,131.49005,6.954
28.07,22.82,131.5091444,6.874
28.08,22.8,131.5277778,6.708
28.09,22.8,131.5459972,6.559
28.1,22.79,131.5638472,6.426
28.11,22.78,131.5815722,6.381
28.12,22.79,131.5991528,6.329
28.13,22.78,131.6164417,6.224
28.14,22.78,131.6335556,6.161
28.15,22.78,131.6502861,6.023
28.16,22.79,131.6669667,6.005
28.17,22.79,131.683425,5.925
28.18,22.78,131.6994944,5.785
28.19,22.78,131.7153194,5.697
28.2,22.8,131.7313944,5.787
28.21,22.8,131.7475861,5.829
28.22,22.82,131.7641056,5.947
28.23,22.82,131.7809333,6.058
28.24,22.81,131.7980528,6.163
28.25,22.79,131.8151111,6.141
28.26,22.8,131.8321556,6.136
28.27,22.78,131.849,6.064
28.28,22.79,131.8656528,5.995
28.29,22.8,131.8821278,5.931
28.3,22.8,131.89845,5.876
28.31,22.8,131.914175,5.661
28.32,22.8,131.9294722,5.507
28.33,22.81,131.9445889,5.442
28.34,22.8,131.9593222,5.304
28.35,22.82,131.9741167,5.326
28.36,22.83,131.9892389,5.444
28.37,22.81,132.0044778,5.486
28.38,22.81,132.0200556,5.608
28.39,22.82,132.0359194,5.711
28.4,22.8,132.0517028,5.682
28.41,22.81,132.0672722,5.605
28.42,22.81,132.0827583,5.575
28.43,22.8,132.0981028,5.524
28.44,22.81,132.1131694,5.424
28.45,22.81,132.1279972,5.338
28.46,22.81,132.1431194,5.444
28.47,22.82,132.1582778,5.457
28.48,22.8,132.173225,5.381
28.49,22.8,132.1876917,5.208
28.5,22.8,132.2017722,5.069
28.51,22.81,132.2153778,4.898
28.52,22.82,132.2284833,4.718
28.53,22.83,132.2417833,4.788
28.54,22.82,132.2550833,4.788
28.55,22.81,132.2683417,4.773
28.56,22.82,132.2814444,4.717
28.57,22.81,132.2948472,4.825
28.58,22.81,132.3087972,5.022
28.59,22.82,132.3230944,5.147
28.6,22.82,132.3373833,5.144
28.61,22.82,132.3515556,5.102
28.62,22.81,132.3655472,5.037
28.63,22.82,132.3793833,4.981
28.64,22.82,132.3929806,4.895
28.65,22.82,132.4064806,4.86
28.66,22.81,132.4199139,4.836
28.67,22.8,132.4335167,4.897
28.68,22.8,132.4471778,4.918
28.69,22.81,132.4613056,5.086
28.7,22.8,132.4753361,5.051
28.71,22.79,132.4893861,5.058
28.72,22.8,132.5030861,4.932
28.73,22.8,132.5163806,4.786
28.74,22.8,132.5296222,4.767
28.75,22.8,132.5426861,4.703
28.76,22.79,132.5557417,4.7
28.77,22.8,132.5687194,4.672
28.78,22.8,132.5814944,4.599
28.79,22.8,132.5941028,4.539
28.8,22.8,132.6068333,4.583
28.81,22.75,132.6195972,4.595
28.82,22.75,132.6322167,4.543
28.83,22.76,132.6446917,4.491
28.84,22.75,132.6571417,4.482
28.85,22.76,132.6695083,4.452
28.86,22.77,132.6817778,4.417
28.87,22.77,132.69405,4.418
28.88,22.76,132.7062333,4.386
28.89,22.76,132.7184083,4.383
28.9,22.76,132.7304806,4.346
28.91,22.76,132.7423056,4.257
28.92,22.76,132.7539417,4.189
28.93,22.75,132.7650528,4
28.94,22.75,132.7758,3.869
28.95,22.76,132.786225,3.753
28.96,22.75,132.7967694,3.796
28.97,22.74,132.8074639,3.85
28.98,22.75,132.8184528,3.956
28.99,22.74,132.8299361,4.134
29,22.75,132.8416556,4.219
29.01,22.75,132.853275,4.183
29.02,22.75,132.8651194,4.264
29.03,22.75,132.877125,4.322
29.04,22.75,132.8887278,4.177
29.05,22.76,132.9001083,4.097
29.06,22.75,132.9114528,4.084
29.07,22.76,132.9229111,4.125
29.08,22.76,132.9344306,4.147
29.09,22.75,132.946025,4.174
29.1,22.76,132.957675,4.194
29.11,22.76,132.9689972,4.076
29.12,22.77,132.9797722,3.879
29.13,22.77,132.9903417,3.805
29.14,22.75,133.0005444,3.673
29.15,22.75,133.0107694,3.681
29.16,22.76,133.0211111,3.723
29.17,22.76,133.0316361,3.789
29.18,22.77,133.0425444,3.927
29.19,22.77,133.0533389,3.886
29.2,22.77,133.0639806,3.831
29.21,22.77,133.0746028,3.824
29.22,22.77,133.0850167,3.749
29.23,22.77,133.0955111,3.778
29.24,22.77,133.1060833,3.806
29.25,22.77,133.1165361,3.763
29.26,22.76,133.1268694,3.72
29.27,22.77,133.1373528,3.774
29.28,22.76,133.1480472,3.85
29.29,22.76,133.1592333,4.027
29.3,22.76,133.1706667,4.116
29.31,22.76,133.1822278,4.162
29.32,22.76,133.1940083,4.241
29.33,22.78,133.2058139,4.25
29.34,22.77,133.2172833,4.129
29.35,22.77,133.2284667,4.026
29.36,22.77,133.239225,3.873
29.37,22.75,133.2498667,3.831
29.38,22.76,133.2603,3.756
29.39,22.77,133.27075,3.762
29.4,22.77,133.2811028,3.727
29.41,22.75,133.2913583,3.692
29.42,22.76,133.3017417,3.738